id,camera_number,original_id,latitude,longitude,utm_x,utm_y,street,intersection,neighborhood,camera_type,status,status_id,organizational_unit,installation_date,is_active,is_public,is_santos_aovivo,created_at,updated_at
1,CAM0044,537,-23.96481442,-46.34887450,362758.70,7349012.73,Praça Washington,,José Menino,Fixa Digital,Em Funcionamento,1,COORDENADORIA DO ORQUIDÁRIO MUNICIPAL,,true,true,true,2025-11-18 18:18:21.777016+00,2025-11-18 18:25:25.98603+00
2,CAM0045,529,-23.96613839,-46.34886099,362761.47,7348866.14,Praça Washington,Rua Cyra,José Menino,Fixa Digital,Em Funcionamento,1,,,true,true,true,2025-11-18 18:18:21.777016+00,2025-11-18 18:25:25.98603+00
3,CAM0376,901,-23.96828834,-46.35406397,362234.32,7348622.99,Avenida Presidente Wilson,Rua Monteiro Lobato,José Menino,OCR Auxiliar,Em Funcionamento,1,,,true,true,true,2025-11-18 18:18:21.777016+00,2025-11-18 18:25:25.98603+00
4,CAM0377,903,-23.96823186,-46.35441626,362198.41,7348628.90,Avenida Presidente Wilson,Rua Monteiro Lobato,José Menino,OCR Auxiliar,Em Funcionamento,1,,,true,true,true,2025-11-18 18:18:21.777016+00,2025-11-18 18:25:25.98603+00
5,CAM0378,2530,-23.96812387,-46.35427178,362213.00,7348641.00,Avenida Presidente Wilson,Rua Monteiro Lobato,José Menino,OCR Auxiliar,Em Funcionamento,1,,,true,true,true,2025-11-18 18:18:21.777016+00,2025-11-18 18:25:25.98603+00
6,CAM0379,907,-23.98792261,-46.29630893,368131.14,7346504.06,Avenida Rei Pelé,,Ponta Da Praia,OCR Auxiliar,Em Funcionamento,1,,2020-06-27,true,true,true,2025-11-18 18:18:21.777016+00,2025-11-18 18:25:25.98603+00
7,CAM0380,909,-23.98809537,-46.29628874,368133.37,7346484.95,Avenida Rei Pelé,,Ponta Da Praia,OCR Auxiliar,Em Funcionamento,1,,,true,true,true,2025-11-18 18:18:21.777016+00,2025-11-18 18:25:25.98603+00
8,CAM0381,911,-23.98467328,-46.29445765,368316.18,7346865.60,Avenida Governador Mário Covas Júnior,Praça Almirante Gago Coutinho,Ponta Da Praia,OCR Auxiliar,Em Funcionamento,1,,,true,true,true,2025-11-18 18:18:21.777016+00,2025-11-18 18:25:25.98603+00
9,CAM0382,915,-23.98469657,-46.29447932,368314.00,7346863.00,Rua Vereador Henrique Soler,Praça Almirante Gago Coutinho,Ponta Da Praia,OCR Auxiliar,Em Funcionamento,1,,,true,true,true,2025-11-18 18:18:21.777016+00,2025-11-18 18:25:25.98603+00
10,CAM0383,917,-23.98373153,-46.29433207,368328.00,7346970.00,Rua Vereador Henrique Soler,Praça Almirante Gago Coutinho,Ponta Da Praia,OCR Auxiliar,Em Funcionamento,1,,,true,true,true,2025-11-18 18:18:21.777016+00,2025-11-18 18:25:25.98603+00
11,CAM0391,945,-23.94387276,-46.36795125,360795.00,7351313.00,Avenida Jovino de Mello,Rua Maestro Antônio Garófalo,Bom Retiro,OCR Auxiliar,Em Funcionamento,1,,,true,true,true,2025-11-18 18:18:21.777016+00,2025-11-18 18:25:25.98603+00
12,CAM0393,953,-23.94466849,-46.36800755,360790.13,7351224.83,Avenida Nossa Senhora de Fátima,Avenida Jovino de Mello,Chico De Paula,OCR Auxiliar,Em Funcionamento,1,,,true,true,true,2025-11-18 18:18:21.777016+00,2025-11-18 18:25:25.98603+00
13,CAM0394,955,-23.94423868,-46.36742453,360849.00,7351273.00,Avenida Nossa Senhora de Fátima,Avenida Francisco Ferreira Canto,São Jorge,OCR Auxiliar,Em Funcionamento,1,,,true,true,true,2025-11-18 18:18:21.777016+00,2025-11-18 18:25:25.98603+00
14,CAM0395,935,-23.95073661,-46.37294562,360294.09,7350548.00,Avenida Nossa Senhora de Fátima,Avenida Doutor Haroldo de Camargo,Areia Branca,OCR Auxiliar,Em Funcionamento,1,,,true,true,true,2025-11-18 18:18:21.777016+00,2025-11-18 18:25:25.98603+00
15,CAM0396,937,-23.95067968,-46.37274788,360314.16,7350554.50,Avenida Nossa Senhora de Fátima,Avenida Francisco da Costa Pires,Areia Branca,OCR Auxiliar,Em Funcionamento,1,,,true,true,true,2025-11-18 18:18:21.777016+00,2025-11-18 18:25:25.98603+00
16,CAM0397,939,-23.95145757,-46.36703973,360895.91,7350474.00,Avenida Eleonor Roosevelt,Avenida Francisco da Costa Pires,São Jorge,OCR Auxiliar,Em Funcionamento,1,,,true,true,true,2025-11-18 18:18:21.777016+00,2025-11-18 18:25:25.98603+00
17,CAM0398,943,-23.95197830,-46.36687418,360913.31,7350416.50,Avenida Eleonor Roosevelt,Avenida Francisco da Costa Pires,São Jorge,OCR Auxiliar,Em Funcionamento,1,,,true,true,true,2025-11-18 18:18:21.777016+00,2025-11-18 18:25:25.98603+00
18,CAM0399,923,-23.95634257,-46.35023241,362611.54,7349949.53,Avenida Doutor Moura Ribeiro,Avenida Doutor Carvalho de Mendonça,Marapé,OCR Auxiliar,Em Funcionamento,1,,,true,true,true,2025-11-18 18:18:21.777016+00,2025-11-18 18:25:25.98603+00
19,CAM0400,921,-23.95589199,-46.35095157,362537.88,7349998.73,Avenida Doutor Nilo Peçanha,Avenida Prefeito Doutor Antônio Manoel de Carvalho,Marapé,OCR Auxiliar,Em Funcionamento,1,,,true,true,true,2025-11-18 18:18:21.777016+00,2025-11-18 18:25:25.98603+00
20,CAM0401,919,-23.95628329,-46.35107061,362526.18,7349955.28,Avenida Doutor Moura Ribeiro,Avenida Prefeito Doutor Antônio Manoel de Carvalho,Marapé,OCR Auxiliar,Em Funcionamento,1,,,true,true,true,2025-11-18 18:18:21.777016+00,2025-11-18 18:25:25.98603+00
21,CAM0402,925,-23.94159268,-46.34183072,363451.00,7351591.00,Avenida Rangel Pestana,,Jabaquara,OCR Auxiliar,Em Funcionamento,1,,,true,true,true,2025-11-18 18:18:21.777016+00,2025-11-18 18:25:25.98603+00
22,CAM0416,1293,-23.96925862,-46.33296754,364382.00,7348536.00,Faixa de Areia Divisa até Emissário,,José Menino,Fixa Digital HD,Em Funcionamento,1,,,true,true,true,2025-11-18 18:18:21.777016+00,2025-11-18 18:25:25.98603+00
23,CAM0417,1285,-23.96852758,-46.35075041,362571.75,7348599.73,Faixa de Areia Divisa até Emissário,,José Menino,Fixa Digital HD,Em Funcionamento,1,,,true,true,true,2025-11-18 18:18:21.777016+00,2025-11-18 18:25:25.98603+00
24,CAM0419,1299,-23.96803926,-46.34463093,363193.92,7348659.76,Avenida Senador Pinheiro Machado,Avenida Presidente Wilson,José Menino,Fixa Digital HD,Em Funcionamento,1,,2015-11-03,true,true,true,2025-11-18 18:18:21.777016+00,2025-11-18 18:25:25.98603+00
25,CAM0420,1311,-23.96863919,-46.33955652,363710.89,7348598.24,Avenida Presidente Wilson,Avenida Bernardino de Campos,José Menino,Fixa Digital HD,Em Funcionamento,1,,2015-10-26,true,true,true,2025-11-18 18:18:21.777016+00,2025-11-18 18:25:25.98603+00
26,CAM0421,1313,-23.96878220,-46.33893983,363773.80,7348583.00,Avenida Presidente Wilson,Avenida Bernardino de Campos,José Menino,Fixa Digital HD,Em Funcionamento,1,,2015-10-26,true,true,true,2025-11-18 18:18:21.777016+00,2025-11-18 18:25:25.98603+00
27,CAM0422,1315,-23.96869140,-46.33867607,363800.54,7348593.31,Avenida Presidente Wilson,Avenida Bernardino de Campos,José Menino,Fixa Digital HD,Em Funcionamento,1,,2015-10-26,true,true,true,2025-11-18 18:18:21.777016+00,2025-11-18 18:25:25.98603+00
28,CAM0423,1317,-23.96884108,-46.33866880,363801.44,7348576.74,Avenida Presidente Wilson,Avenida Bernardino de Campos,José Menino,Fixa Digital HD,Em Funcionamento,1,,,true,true,true,2025-11-18 18:18:21.777016+00,2025-11-18 18:25:25.98603+00
29,CAM0424,1325,-23.96920210,-46.33393268,364283.73,7348541.33,Avenida Presidente Wilson,,Gonzaga,Fixa Digital HD,Em Funcionamento,1,,,true,true,true,2025-11-18 18:18:21.777016+00,2025-11-18 18:25:25.98603+00
30,CAM0431,1365,-23.98332403,-46.30948247,366786.15,7347000.88,Avenida Bartholomeu de Gusmão,,Ponta Da Praia,Fixa Digital HD,Em Funcionamento,1,,,true,true,true,2025-11-18 18:18:21.777016+00,2025-11-18 18:25:25.98603+00
31,CAM0432,1369,-23.98602665,-46.30814934,366924.57,7346702.87,Avenida Doutor Samuel Augusto Leão de Moura,,Ponta Da Praia,Fixa Digital HD,Em Funcionamento,1,,,true,true,true,2025-11-18 18:18:21.777016+00,2025-11-18 18:25:25.98603+00
32,CAM0433,1389,-23.96939210,-46.33292283,364386.69,7348521.26,Praça das Bandeiras,Avenida Presidente Wilson,Gonzaga,Fixa Digital HD,Em Funcionamento,1,,2015-11-19,true,true,true,2025-11-18 18:18:21.777016+00,2025-11-18 18:25:25.98603+00
33,CAM0434,1375,-23.96843634,-46.35131633,362514.06,7348609.28,Faixa de Areia Divisa até Emissário,Avenida Presidente Wilson,José Menino,Fixa Digital HD,Em Funcionamento,1,,2015-11-03,true,true,true,2025-11-18 18:18:21.777016+00,2025-11-18 18:25:25.98603+00
34,CAM0435,1287,-23.96830619,-46.35076289,362570.24,7348624.23,Faixa de Areia Divisa até Emissário,,José Menino,Fixa Digital HD,Em Funcionamento,1,,,true,true,true,2025-11-18 18:18:21.777016+00,2025-11-18 18:25:25.98603+00
35,CAM0436,1373,-23.96785759,-46.34573111,363081.78,7348678.81,Avenida Senador Pinheiro Machado,Avenida Presidente Wilson,José Menino,Fixa Digital HD,Em Funcionamento,1,,,true,true,true,2025-11-18 18:18:21.777016+00,2025-11-18 18:25:25.98603+00
36,CAM0437,1301,-23.96789272,-46.34473596,363183.07,7348675.88,Avenida Senador Pinheiro Machado,Avenida Presidente Wilson,José Menino,Fixa Digital HD,Em Funcionamento,1,,2015-11-03,true,true,true,2025-11-18 18:18:21.777016+00,2025-11-18 18:25:25.98603+00
37,CAM0438,1305,-23.96830092,-46.33935774,363730.77,7348635.89,Avenida Bernardino de Campos,Avenida Presidente Wilson,Campo Grande,Fixa Digital HD,Em Funcionamento,1,,2015-10-26,true,true,true,2025-11-18 18:18:21.777016+00,2025-11-18 18:25:25.98603+00
38,CAM0439,1387,-23.96884108,-46.33866880,363801.44,7348576.74,Avenida Bernardino de Campos,Avenida Presidente Wilson,Gonzaga,Fixa Digital HD,Em Funcionamento,1,,2015-10-26,true,true,true,2025-11-18 18:18:21.777016+00,2025-11-18 18:25:25.98603+00
39,CAM0440,1385,-23.96847721,-46.33817306,363851.50,7348617.51,Avenida Bernardino de Campos,Avenida Presidente Wilson,Gonzaga,Fixa Digital HD,Em Funcionamento,1,,2015-10-26,true,true,true,2025-11-18 18:18:21.777016+00,2025-11-18 18:25:25.98603+00
40,CAM0441,1329,-23.96911320,-46.33408751,364267.89,7348551.02,Avenida Presidente Wilson,Praça das Bandeiras,Gonzaga,Fixa Digital HD,Em Funcionamento,1,,,true,true,true,2025-11-18 18:18:21.777016+00,2025-11-18 18:25:25.98603+00
41,CAM0442,1377,-23.96945793,-46.33292374,364386.67,7348513.97,Avenida Presidente Wilson,,Gonzaga,Fixa Digital HD,Em Funcionamento,1,,2015-11-03,true,true,true,2025-11-18 18:18:21.777016+00,2025-11-18 18:25:25.98603+00
42,CAM0443,1331,-23.96957178,-46.33255332,364424.48,7348501.72,Avenida Presidente Wilson,,Gonzaga,Fixa Digital HD,Em Funcionamento,1,,,true,true,true,2025-11-18 18:18:21.777016+00,2025-11-18 18:25:25.98603+00
43,CAM0446,1347,-23.97372710,-46.32140345,365563.33,7348052.26,Avenida Bartholomeu de Gusmão,Avenida Siqueira Campos,Boqueirão,Fixa Digital HD,Em Funcionamento,1,,2015-10-27,true,true,true,2025-11-18 18:18:21.777016+00,2025-11-18 18:25:25.98603+00
44,CAM0447,1349,-23.97414236,-46.32079418,365625.75,7348006.86,Avenida Bartholomeu de Gusmão,Avenida Siqueira Campos,Embaré,Fixa Digital HD,Em Funcionamento,1,,2015-10-27,true,true,true,2025-11-18 18:18:21.777016+00,2025-11-18 18:25:25.98603+00
45,CAM0450,1383,-23.98330421,-46.30934858,366799.76,7347003.21,Avenida Coronel Joaquim Montenegro,Avenida Bartholomeu de Gusmão,Ponta Da Praia,Fixa Digital HD,Em Funcionamento,1,,2015-10-23,true,true,true,2025-11-18 18:18:21.777016+00,2025-11-18 18:25:25.98603+00
46,CAM0451,1371,-23.98468210,-46.30844733,366892.87,7346851.48,Avenida Doutor Samuel Augusto Leão de Moura,,Ponta Da Praia,Fixa Digital HD,Em Funcionamento,1,,2015-11-04,true,true,true,2025-11-18 18:18:21.777016+00,2025-11-18 18:25:25.98603+00
47,CAM0769,1945,-23.98364111,-46.30924148,366811.00,7346966.00,Avenida Coronel Joaquim Montenegro,,Estuário,Fixa Digital HD,Em Funcionamento,1,,,true,true,true,2025-11-18 18:18:21.777016+00,2025-11-18 18:25:25.98603+00
48,CAM0773,1949,-23.96061641,-46.32773914,364905.00,7349498.00,Avenida Washington Luis,,Gonzaga,Fixa Digital HD,Em Funcionamento,1,,,true,true,true,2025-11-18 18:18:21.777016+00,2025-11-18 18:25:25.98603+00
49,CAM1241,2426,-23.94015783,-46.33445664,364200.00,7351757.00,Avenida Doutor Waldemar Leão,,Jabaquara,Fixa Digital HD,Em Funcionamento,1,UNIDADE MUNICIPAL DE EDUCAÇÃO PREFEITO PAULO GOMES BARBOSA,,true,true,true,2025-11-18 18:18:21.777016+00,2025-11-18 18:25:25.98603+00
50,CAM1267,2801,-23.92956641,-46.35491064,362107.00,7352910.00,Viaduto Prefeito Paulo Gomes Barbosa,,Chico De Paula,Fixa Digital HD,Em Funcionamento,1,,,true,true,true,2025-11-18 18:18:21.777016+00,2025-11-18 18:25:25.98603+00
51,CAM1268,2802,-23.92956727,-46.35481240,362117.00,7352910.00,Viaduto Prefeito Paulo Gomes Barbosa,,Chico De Paula,Fixa Digital HD,Em Funcionamento,1,,,true,true,true,2025-11-18 18:18:21.777016+00,2025-11-18 18:25:25.98603+00
52,CAM1269,2800,-23.92955773,-46.35487125,362111.00,7352911.00,Viaduto Prefeito Paulo Gomes Barbosa,,Porto Saboó,Fixa Digital HD,Em Funcionamento,1,,,true,true,true,2025-11-18 18:18:21.777016+00,2025-11-18 18:25:25.98603+00
53,CAM1270,2415,-23.92936767,-46.35491839,362106.00,7352932.00,Via Anchieta,Viaduto Prefeito Paulo Gomes Barbosa,Chico De Paula,Fixa Digital HD,Em Funcionamento,1,,,true,true,true,2025-11-18 18:18:21.777016+00,2025-11-18 18:25:25.98603+00
54,CAM1272,2417,-23.92935829,-46.35495759,362102.00,7352933.00,Via Anchieta,Viaduto Prefeito Paulo Gomes Barbosa,Chico De Paula,Fixa Digital HD,Em Funcionamento,1,,,true,true,true,2025-11-18 18:18:21.777016+00,2025-11-18 18:25:25.98603+00
55,CAM1285,2540,-23.93329810,-46.35877146,361718.00,7352493.00,Avenida Nossa Senhora de Fátima,Rua Ana Santos,Chico De Paula,Fixa Digital HD,Em Funcionamento,1,,,true,true,true,2025-11-18 18:18:21.777016+00,2025-11-18 18:25:25.98603+00
56,CAM1286,2541,-23.93326014,-46.35878142,361716.95,7352497.19,Avenida Nossa Senhora de Fátima,Rua Ana Santos,Chico De Paula,Fixa Digital HD,Em Funcionamento,1,,,true,true,true,2025-11-18 18:18:21.777016+00,2025-11-18 18:25:25.98603+00
57,CAM1290,2545,-23.93114331,-46.35782367,361812.17,7352732.54,Rua Dona Afonsina Proost de Souza,Rua Monsenhor João Martins Ladeira,Vila Haddad,Fixa Digital HD,Em Funcionamento,1,,,true,true,true,2025-11-18 18:18:21.777016+00,2025-11-18 18:25:25.98603+00
58,CAM1389,2655,-23.97129567,-46.30186373,367549.00,7348340.00,Praça Visconde de Ouro Preto,,Estuário,Fixa Digital HD,Em Funcionamento,1,UNIDADE DE PRONTO ATENDIMENTO DA ZONA LESTE,,true,true,true,2025-11-18 18:18:21.777016+00,2025-11-18 18:25:25.98603+00
59,CAM1426,2671,-23.98553586,-46.29454668,368308.00,7346770.00,Praça Almirante Gago Coutinho,,Ponta Da Praia,Fixa Digital HD,Em Funcionamento,1,,,true,true,true,2025-11-18 18:18:21.777016+00,2025-11-18 18:25:25.98603+00
60,CAM1428,2673,-23.98558267,-46.29435057,368328.00,7346765.00,Praça Almirante Gago Coutinho,,Ponta Da Praia,Fixa Digital HD,Em Funcionamento,1,,,true,true,true,2025-11-18 18:18:21.777016+00,2025-11-18 18:25:25.98603+00
61,CAM1464,2709,-23.99086505,-46.30401651,367350.00,7346171.00,Avenida Rei Pelé,,Ponta Da Praia,Fixa Digital HD,Em Funcionamento,1,,,true,true,true,2025-11-18 18:18:21.777016+00,2025-11-18 18:25:25.98603+00
62,CAM1472,2717,-23.93500895,-46.33247968,364395.83,7352329.05,Praça dos Andradas,,Centro,Fixa Digital HD,Em Funcionamento,1,POSTO DE INFORMAÇÕES TURÍSTICAS - RODOVIÁRIA,,true,true,true,2025-11-18 18:18:21.777016+00,2025-11-18 18:25:25.98603+00
63,CAM1490,2735,-23.92966487,-46.35500991,362097.00,7352899.00,Avenida Nossa Senhora de Fátima,,Bom Retiro,Fixa Digital HD,Em Funcionamento,1,,,true,true,true,2025-11-18 18:18:21.777016+00,2025-11-18 18:25:25.98603+00
64,CAM1491,2736,-23.92973624,-46.35510891,362087.00,7352891.00,Avenida Martins Fontes,,Bom Retiro,Fixa Digital HD,Em Funcionamento,1,,,true,true,true,2025-11-18 18:18:21.777016+00,2025-11-18 18:25:25.98603+00
65,CAM1492,2737,-23.92985502,-46.35495295,362103.00,7352878.00,Avenida Nossa Senhora de Fátima,,Bom Retiro,Fixa Digital HD,Em Funcionamento,1,,,true,true,true,2025-11-18 18:18:21.777016+00,2025-11-18 18:25:25.98603+00
66,CAM1514,2761,-23.93454329,-46.33208021,364436.00,7352381.00,Praça dos Andradas,,Centro,Fixa Digital HD,Em Funcionamento,1,,,true,true,true,2025-11-18 18:18:21.777016+00,2025-11-18 18:25:25.98603+00
67,CAM1515,2762,-23.93456135,-46.33208039,364436.00,7352379.00,Praça dos Andradas,,Centro,Fixa Digital HD,Em Funcionamento,1,,,true,true,true,2025-11-18 18:18:21.777016+00,2025-11-18 18:25:25.98603+00
68,CAM1517,2782,-23.97952006,-46.31276756,366448.00,7347419.00,Avenida Bartholomeu de Gusmão,,Aparecida,Fixa Digital HD,Em Funcionamento,1,,,true,true,true,2025-11-18 18:18:21.777016+00,2025-11-18 18:25:25.98603+00
69,CAM1524,2803,-23.92966078,-46.35444987,362154.00,7352900.00,Avenida Martins Fontes,,Saboó,OCR Auxiliar,Em Funcionamento,1,,2021-05-06,true,true,true,2025-11-18 18:18:21.777016+00,2025-11-18 18:25:25.98603+00
70,CAM1525,2804,-23.92982779,-46.35291898,362310.00,7352883.00,Avenida Martins Fontes,,Saboó,OCR Auxiliar,Em Funcionamento,1,,2021-05-06,true,true,true,2025-11-18 18:18:21.777016+00,2025-11-18 18:25:25.98603+00
71,CAM1526,2805,-23.92958369,-46.35499924,362098.00,7352908.00,Avenida Martins Fontes,,Saboó,OCR Auxiliar,Em Funcionamento,1,,2021-05-06,true,true,true,2025-11-18 18:18:21.777016+00,2025-11-18 18:25:25.98603+00
72,CAM1527,2806,-23.93009423,-46.35547615,362050.00,7352851.00,Avenida Nossa Senhora de Fátima,,Chico De Paula,OCR Auxiliar,Em Funcionamento,1,,,true,true,true,2025-11-18 18:18:21.777016+00,2025-11-18 18:25:25.98603+00
73,CAM1529,2784,-23.96918962,-46.33259338,364420.00,7348544.00,Praça das Bandeiras,,Gonzaga,Fixa Digital HD,Em Funcionamento,1,,2021-04-26,true,true,true,2025-11-18 18:18:21.777016+00,2025-11-18 18:25:25.98603+00
74,CAM1530,2785,-23.96918025,-46.33263259,364416.00,7348545.00,Praça das Bandeiras,,Gonzaga,Fixa Digital HD,Em Funcionamento,1,,2021-04-26,true,true,true,2025-11-18 18:18:21.777016+00,2025-11-18 18:25:25.98603+00
75,CAM1531,2786,-23.96915299,-46.33265197,364414.00,7348548.00,Praça das Bandeiras,,Gonzaga,Fixa Digital HD,Em Funcionamento,1,,2021-04-26,true,true,true,2025-11-18 18:18:21.777016+00,2025-11-18 18:25:25.98603+00
76,CAM1532,2787,-23.96917105,-46.33265216,364414.00,7348546.00,Praça das Bandeiras,,Gonzaga,Fixa Digital HD,Em Funcionamento,1,,2021-04-26,true,true,true,2025-11-18 18:18:21.777016+00,2025-11-18 18:25:25.98603+00
77,CAM1538,2798,-23.96736644,-46.33247636,364430.00,7348746.00,Praça da Independência,,Gonzaga,Fixa Digital HD,Em Funcionamento,1,,2021-04-27,true,true,true,2025-11-18 18:18:21.777016+00,2025-11-18 18:25:25.98603+00
78,CAM1541,2807,-23.96735784,-46.33242713,364435.00,7348747.00,Avenida Anna Costa,,Gonzaga,Fixa Digital,Em Funcionamento,1,,2021-05-14,true,true,true,2025-11-18 18:18:21.777016+00,2025-11-18 18:25:25.98603+00
79,CAM1542,2808,-23.96652743,-46.33237928,364439.00,7348839.00,Avenida Anna Costa,,Gonzaga,Fixa Digital HD,Em Funcionamento,1,,2021-05-14,true,true,true,2025-11-18 18:18:21.777016+00,2025-11-18 18:25:25.98603+00
80,CAM1543,2809,-23.96543947,-46.33391099,364282.00,7348958.00,Rua Euclydes da Cunha,Avenida Marechal Deodoro,Gonzaga,Fixa Digital HD,Em Funcionamento,1,,2021-05-19,true,true,true,2025-11-18 18:18:21.777016+00,2025-11-18 18:25:25.98603+00
81,CAM1544,2810,-23.96543930,-46.33393064,364280.00,7348958.00,Rua Euclydes da Cunha,Avenida Marechal Deodoro,Gonzaga,Fixa Digital HD,Em Funcionamento,1,,2021-05-19,true,true,true,2025-11-18 18:18:21.777016+00,2025-11-18 18:25:25.98603+00
82,CAM1546,2812,-23.93260117,-46.32482917,365172.00,7352603.00,Avenida Senador Feijó,Praça da República,Centro,Fixa Digital HD,Em Funcionamento,1,,2021-05-20,true,true,true,2025-11-18 18:18:21.777016+00,2025-11-18 18:25:25.98603+00
83,CAM1547,2813,-23.93260100,-46.32484882,365170.00,7352603.00,Avenida Senador Feijó,Praça da República,Centro,Fixa Digital HD,Em Funcionamento,1,,2021-05-20,true,true,true,2025-11-18 18:18:21.777016+00,2025-11-18 18:25:25.98603+00
84,CAM1548,2814,-23.93260100,-46.32484882,365170.00,7352603.00,Avenida Senador Feijó,Praça da República,Centro,Fixa Digital HD,Em Funcionamento,1,,2021-05-20,true,true,true,2025-11-18 18:18:21.777016+00,2025-11-18 18:25:25.98603+00
85,CAM1549,2815,-23.93261923,-46.32482935,365172.00,7352601.00,Avenida Senador Feijó,Praça da República,Centro,Fixa Digital HD,Em Funcionamento,1,,2021-05-20,true,true,true,2025-11-18 18:18:21.777016+00,2025-11-18 18:25:25.98603+00
86,CAM1553,2820,-23.97034264,-46.32876260,364811.00,7348420.00,Avenida Vicente de Carvalho,,Boqueirão,Fixa Digital HD,Em Funcionamento,1,,2021-05-28,true,true,true,2025-11-18 18:18:21.777016+00,2025-11-18 18:25:25.98603+00
87,CAM1554,2821,-23.97033336,-46.32879198,364808.00,7348421.00,Avenida Vicente de Carvalho,,Boqueirão,Fixa Digital HD,Em Funcionamento,1,,2021-05-28,true,true,true,2025-11-18 18:18:21.777016+00,2025-11-18 18:25:25.98603+00
88,CAM1555,2822,-23.97035150,-46.32878234,364809.00,7348419.00,Avenida Vicente de Carvalho,,Boqueirão,Fixa Digital HD,Em Funcionamento,1,,2021-05-28,true,true,true,2025-11-18 18:18:21.777016+00,2025-11-18 18:25:25.98603+00
89,CAM1557,2828,-23.95736812,-46.32742090,364934.00,7349858.00,Avenida General Francisco Glycerio,Avenida Washington Luis,Gonzaga,Fixa Digital HD,Em Funcionamento,1,,2021-06-18,true,true,true,2025-11-18 18:18:21.777016+00,2025-11-18 18:25:25.98603+00
90,CAM1558,2829,-23.95736803,-46.32743072,364933.00,7349858.00,Avenida General Francisco Glycerio,Avenida Washington Luis,Gonzaga,Fixa Digital HD,Em Funcionamento,1,,2021-06-18,true,true,true,2025-11-18 18:18:21.777016+00,2025-11-18 18:25:25.98603+00
91,CAM1559,2830,-23.95736803,-46.32743072,364933.00,7349858.00,Avenida General Francisco Glycerio,Avenida Washington Luis,Gonzaga,Fixa Digital HD,Em Funcionamento,1,,2021-06-18,true,true,true,2025-11-18 18:18:21.777016+00,2025-11-18 18:25:25.98603+00
92,CAM1561,2832,-23.97471283,-46.31942160,365766.00,7347945.00,Praça Santo Antônio do Embaré,,Embaré,Fixa Digital HD,Em Funcionamento,1,,2021-06-18,true,true,true,2025-11-18 18:18:21.777016+00,2025-11-18 18:25:25.98603+00
93,CAM1563,2824,-23.97216332,-46.32394595,365303.00,7348223.00,Avenida Conselheiro Nébias,Avenida Vicente de Carvalho,Boqueirão,Fixa Digital HD,Em Funcionamento,1,,2021-06-17,true,true,true,2025-11-18 18:18:21.777016+00,2025-11-18 18:25:25.98603+00
94,CAM1564,2825,-23.97218138,-46.32394614,365303.00,7348221.00,Avenida Conselheiro Nébias,Avenida Vicente de Carvalho,Boqueirão,Fixa Digital HD,Em Funcionamento,1,,2021-06-17,true,true,true,2025-11-18 18:18:21.777016+00,2025-11-18 18:25:25.98603+00
95,CAM1565,2826,-23.97220847,-46.32394641,365303.00,7348218.00,Avenida Conselheiro Nébias,Avenida Vicente de Carvalho,Boqueirão,Fixa Digital HD,Em Funcionamento,1,,2021-06-17,true,true,true,2025-11-18 18:18:21.777016+00,2025-11-18 18:25:25.98603+00
96,CAM1568,2835,-23.95194954,-46.33056881,364608.00,7350455.00,Avenida Anna Costa,Rua Carvalho de Mendonça,Encruzilhada,Fixa Digital HD,Em Funcionamento,1,,2021-06-22,true,true,true,2025-11-18 18:18:21.777016+00,2025-11-18 18:25:25.98603+00
97,CAM1569,2836,-23.95197654,-46.33057892,364607.00,7350452.00,Avenida Anna Costa,Rua Carvalho de Mendonça,Encruzilhada,Fixa Digital HD,Em Funcionamento,1,,2021-06-22,true,true,true,2025-11-18 18:18:21.777016+00,2025-11-18 18:25:25.98603+00
98,CAM1571,2838,-23.96047211,-46.32771801,364907.00,7349514.00,Avenida Washington Luis,Rua Goiás,Gonzaga,Fixa Digital HD,Em Funcionamento,1,,2021-06-22,true,true,true,2025-11-18 18:18:21.777016+00,2025-11-18 18:25:25.98603+00
99,CAM1572,2839,-23.96047219,-46.32770818,364908.00,7349514.00,Avenida Washington Luis,Rua Goiás,Gonzaga,Fixa Digital HD,Em Funcionamento,1,,2021-06-22,true,true,true,2025-11-18 18:18:21.777016+00,2025-11-18 18:25:25.98603+00
100,CAM1577,2842,-23.97374365,-46.32080731,365624.00,7348051.00,Avenida Bartholomeu de Gusmão,Avenida Siqueira Campos,Embaré,Fixa Digital HD,Em Funcionamento,1,,2021-06-24,true,true,true,2025-11-18 18:18:21.777016+00,2025-11-18 18:25:25.98603+00
101,CAM1578,2843,-23.97374348,-46.32082696,365622.00,7348051.00,Avenida Bartholomeu de Gusmão,Avenida Siqueira Campos,Embaré,Fixa Digital HD,Em Funcionamento,1,,2021-06-24,true,true,true,2025-11-18 18:18:22.747985+00,2025-11-18 18:25:25.98603+00
102,CAM1579,2844,-23.97375268,-46.32080740,365624.00,7348050.00,Avenida Bartholomeu de Gusmão,Avenida Siqueira Campos,Embaré,Fixa Digital HD,Em Funcionamento,1,,2021-06-24,true,true,true,2025-11-18 18:18:22.747985+00,2025-11-18 18:25:25.98603+00
103,CAM1580,2848,-23.94346927,-46.33061938,364594.00,7351394.00,Avenida Senador Pinheiro Machado,Rua Julio de Mesquita,Vila Mathias,Fixa Digital HD,Em Funcionamento,1,,2021-06-25,true,true,true,2025-11-18 18:18:22.747985+00,2025-11-18 18:31:40.360817+00
104,CAM1581,2849,-23.94347855,-46.33059000,364597.00,7351393.00,Avenida Senador Pinheiro Machado,Rua Julio de Mesquita,Vila Mathias,Fixa Digital HD,Em Funcionamento,1,,2021-06-25,true,true,true,2025-11-18 18:18:22.747985+00,2025-11-18 18:31:40.360817+00
105,CAM1583,2851,-23.97434429,-46.31606648,366107.00,7347989.00,Avenida Doutor Epitácio Pessoa,Rua Oswaldo Cochrane,Embaré,Fixa Digital HD,Em Funcionamento,1,,2021-07-08,true,true,true,2025-11-18 18:18:22.747985+00,2025-11-18 18:31:40.360817+00
106,CAM1584,2852,-23.97433535,-46.31605656,366108.00,7347990.00,Avenida Doutor Epitácio Pessoa,Rua Oswaldo Cochrane,Embaré,Fixa Digital HD,Em Funcionamento,1,,2021-07-08,true,true,true,2025-11-18 18:18:22.747985+00,2025-11-18 18:31:40.360817+00
107,CAM1588,2856,-23.97083824,-46.31947059,365757.00,7348374.00,Avenida Siqueira Campos,Rua Conselheiro Lafayette,Embaré,Fixa Digital HD,Em Funcionamento,1,,2021-07-08,true,true,true,2025-11-18 18:18:22.747985+00,2025-11-18 18:31:40.360817+00
108,CAM1589,2857,-23.97084718,-46.31948051,365756.00,7348373.00,Avenida Siqueira Campos,Rua Conselheiro Lafayette,Embaré,Fixa Digital HD,Em Funcionamento,1,,2021-07-08,true,true,true,2025-11-18 18:18:22.747985+00,2025-11-18 18:31:40.360817+00
109,CAM1591,2859,-23.97229855,-46.31978030,365727.00,7348212.00,Avenida Siqueira Campos,Avenida Doutor Epitácio Pessoa,Embaré,Fixa Digital HD,Em Funcionamento,1,,2021-07-08,true,true,true,2025-11-18 18:18:22.747985+00,2025-11-18 18:31:40.360817+00
110,CAM1592,2860,-23.97229846,-46.31979013,365726.00,7348212.00,Avenida Siqueira Campos,Avenida Doutor Epitácio Pessoa,Embaré,Fixa Digital HD,Em Funcionamento,1,,2021-07-08,true,true,true,2025-11-18 18:18:22.747985+00,2025-11-18 18:31:40.360817+00
111,CAM1593,2865,-23.98333695,-46.30890423,366845.00,7347000.00,Avenida Bartholomeu de Gusmão,,Aparecida,Fixa Digital HD,Em Funcionamento,1,,2021-07-16,true,true,true,2025-11-18 18:18:22.747985+00,2025-11-18 18:31:40.360817+00
112,CAM1594,2866,-23.98333695,-46.30890423,366845.00,7347000.00,Avenida Bartholomeu de Gusmão,,Aparecida,Fixa Digital HD,Em Funcionamento,1,,2021-07-16,true,true,true,2025-11-18 18:18:22.747985+00,2025-11-18 18:31:40.360817+00
113,CAM1595,2867,-23.98333695,-46.30890423,366845.00,7347000.00,Avenida Bartholomeu de Gusmão,,Aparecida,Fixa Digital HD,Em Funcionamento,1,,2021-07-16,true,true,true,2025-11-18 18:18:22.747985+00,2025-11-18 18:31:40.360817+00
114,CAM1596,2868,-23.96751875,-46.34503746,363152.00,7348717.00,Avenida Presidente Wilson,Avenida Senador Pinheiro Machado,Pompéia,Fixa Digital HD,Em Funcionamento,1,,2021-07-21,true,true,true,2025-11-18 18:18:22.747985+00,2025-11-18 18:31:40.360817+00
115,CAM1597,2869,-23.96752787,-46.34502773,363153.00,7348716.00,Avenida Presidente Wilson,Avenida Senador Pinheiro Machado,Pompéia,Fixa Digital HD,Em Funcionamento,1,,2021-07-21,true,true,true,2025-11-18 18:18:22.747985+00,2025-11-18 18:31:40.360817+00
116,CAM1598,2870,-23.96752778,-46.34503756,363152.00,7348716.00,Avenida Presidente Wilson,Avenida Senador Pinheiro Machado,Pompéia,Fixa Digital HD,Em Funcionamento,1,,2021-07-21,true,true,true,2025-11-18 18:18:22.747985+00,2025-11-18 18:31:40.360817+00
117,CAM1603,2891,-23.94421002,-46.36760109,360831.00,7351276.00,Avenida Hugo Maia,Avenida Jovino de Mello,Caneleira,Fixa Digital HD,Em Funcionamento,1,,2021-08-16,true,true,true,2025-11-18 18:18:22.747985+00,2025-11-18 18:31:40.360817+00
118,CAM1604,2892,-23.94421002,-46.36760109,360831.00,7351276.00,Avenida Hugo Maia,Avenida Jovino de Mello,Caneleira,Fixa Digital HD,Em Funcionamento,1,,2021-08-16,true,true,true,2025-11-18 18:18:22.747985+00,2025-11-18 18:31:40.360817+00
119,CAM1606,2894,-23.95329429,-46.33690101,363965.00,7350300.00,Avenida Bernardino de Campos,Rua Carvalho de Mendonça,Campo Grande,Fixa Digital HD,Em Funcionamento,1,,2021-08-18,true,true,true,2025-11-18 18:18:22.747985+00,2025-11-18 18:31:40.360817+00
120,CAM1609,2897,-23.93517338,-46.32396134,365263.00,7352319.00,Avenida João Pessoa,Rua Braz Cubas,Centro,Fixa Digital HD,Em Funcionamento,1,,2021-08-19,true,true,true,2025-11-18 18:18:22.747985+00,2025-11-18 18:31:40.360817+00
121,CAM1612,2899,-23.93430565,-46.32823619,364827.00,7352411.00,Avenida João Pessoa,Rua Dom Pedro II,Centro,Fixa Digital HD,Em Funcionamento,1,,2021-08-19,true,true,true,2025-11-18 18:18:22.747985+00,2025-11-18 18:31:40.360817+00
122,CAM1613,2900,-23.93430557,-46.32824602,364826.00,7352411.00,Avenida João Pessoa,Rua Dom Pedro II,Centro,Fixa Digital HD,Em Funcionamento,1,,2021-08-19,true,true,true,2025-11-18 18:18:22.747985+00,2025-11-18 18:31:40.360817+00
123,CAM1614,2901,-23.93431468,-46.32823629,364827.00,7352410.00,Avenida João Pessoa,Rua Dom Pedro II,Centro,Fixa Digital HD,Em Funcionamento,1,,2021-08-19,true,true,true,2025-11-18 18:18:22.747985+00,2025-11-18 18:31:40.360817+00
124,CAM1616,2902,-23.95884173,-46.33140604,364530.00,7349691.00,Avenida Anna Costa,Avenida General Francisco Glycerio,Encruzilhada,Fixa Digital HD,Em Funcionamento,1,,2021-08-20,true,true,true,2025-11-18 18:18:22.747985+00,2025-11-18 18:31:40.360817+00
125,CAM1617,2903,-23.95862518,-46.33138416,364532.00,7349715.00,Avenida Anna Costa,Avenida General Francisco Glycerio,Encruzilhada,Fixa Digital HD,Em Funcionamento,1,,2021-08-20,true,true,true,2025-11-18 18:18:22.747985+00,2025-11-18 18:31:40.360817+00
126,CAM1620,2863,-23.97648433,-46.31082028,366643.00,7347757.00,Rua Conselheiro Ribas,Rua Alexandre Martins,Aparecida,Fixa Digital HD,Em Funcionamento,1,,2021-07-13,true,true,true,2025-11-18 18:18:22.747985+00,2025-11-18 18:31:40.360817+00
127,CAM1621,2864,-23.97649328,-46.31083020,366642.00,7347756.00,Rua Conselheiro Ribas,Rua Alexandre Martins,Aparecida,Fixa Digital HD,Em Funcionamento,1,,2021-07-13,true,true,true,2025-11-18 18:18:22.747985+00,2025-11-18 18:31:40.360817+00
128,CAM1622,2905,-23.95883261,-46.33141577,364529.00,7349692.00,Avenida Anna Costa,Avenida General Francisco Glycerio,Gonzaga,Fixa Digital HD,Em Funcionamento,1,,2021-08-20,true,true,true,2025-11-18 18:18:22.747985+00,2025-11-18 18:31:40.360817+00
129,CAM1623,2906,-23.95883270,-46.33140594,364530.00,7349692.00,Avenida Anna Costa,Avenida General Francisco Glycerio,Gonzaga,Fixa Digital HD,Em Funcionamento,1,,2021-08-20,true,true,true,2025-11-18 18:18:22.747985+00,2025-11-18 18:31:40.360817+00
130,CAM1624,2907,-23.93430557,-46.32824602,364826.00,7352411.00,Avenida João Pessoa,Rua Dom Pedro II,Centro,Fixa Digital HD,Em Funcionamento,1,,2021-08-23,true,true,true,2025-11-18 18:18:22.747985+00,2025-11-18 18:31:40.360817+00
131,CAM1626,2909,-23.95589185,-46.33104164,364564.00,7350018.00,Avenida Anna Costa,Rua Espírito Santo,Encruzilhada,Fixa Digital HD,Em Funcionamento,1,,2021-08-24,true,true,true,2025-11-18 18:18:22.747985+00,2025-11-18 18:31:40.360817+00
132,CAM1628,2912,-23.94991168,-46.33645344,364007.00,7350675.00,Avenida Bernardino de Campos,Rua Monsenhor Paula Rodrigues,Vila Belmiro,Fixa Digital HD,Em Funcionamento,1,,2021-08-27,true,true,true,2025-11-18 18:18:22.747985+00,2025-11-18 18:31:40.360817+00
133,CAM1629,2913,-23.94992071,-46.33645353,364007.00,7350674.00,Avenida Bernardino de Campos,Rua Monsenhor Paula Rodrigues,Vila Belmiro,Fixa Digital HD,Em Funcionamento,1,,2021-08-27,true,true,true,2025-11-18 18:18:22.747985+00,2025-11-18 18:31:40.360817+00
134,CAM1631,2915,-23.96761783,-46.32847914,364837.00,7348722.00,Avenida Washington Luis,Rua Galeão Carvalhal,Boqueirão,Fixa Digital HD,Em Funcionamento,1,,2021-08-27,true,true,true,2025-11-18 18:18:22.747985+00,2025-11-18 18:31:40.360817+00
135,CAM1632,2916,-23.96761774,-46.32848897,364836.00,7348722.00,Avenida Washington Luis,Rua Galeão Carvalhal,Boqueirão,Fixa Digital HD,Em Funcionamento,1,,2021-08-27,true,true,true,2025-11-18 18:18:22.747985+00,2025-11-18 18:31:40.360817+00
136,CAM1637,2918,-23.96050216,-46.32109492,365581.00,7349517.00,Rua Oswaldo Cruz,Rua Nabuco de Araújo,Boqueirão,Fixa Digital HD,Em Funcionamento,1,,2021-08-28,true,true,true,2025-11-18 18:18:22.747985+00,2025-11-18 18:31:40.360817+00
137,CAM1642,2922,-23.96152096,-46.33173819,364499.00,7349394.00,Avenida Anna Costa,Rua Luis Suplici,Gonzaga,Fixa Digital HD,Em Funcionamento,1,,2021-08-30,true,true,true,2025-11-18 18:18:22.747985+00,2025-11-18 18:31:40.360817+00
138,CAM1643,2921,-23.96152105,-46.33172837,364500.00,7349394.00,Avenida Anna Costa,Rua Luis Suplici,Gonzaga,Fixa Digital HD,Em Funcionamento,1,,2021-08-28,true,true,true,2025-11-18 18:18:22.747985+00,2025-11-18 18:31:40.360817+00
139,CAM1646,2926,-23.96450456,-46.32821137,364861.00,7349067.00,Avenida Washington Luis,Rua Tolentino Filgueiras,Gonzaga,Fixa Digital HD,Em Funcionamento,1,,2021-09-01,true,true,true,2025-11-18 18:18:22.747985+00,2025-11-18 18:31:40.360817+00
140,CAM1648,2927,-23.96452262,-46.32821156,364861.00,7349065.00,Avenida Washington Luis,Rua Tolentino Filgueiras,Gonzaga,Fixa Digital HD,Em Funcionamento,1,,2021-09-01,true,true,true,2025-11-18 18:18:22.747985+00,2025-11-18 18:31:40.360817+00
141,CAM1652,2931,-23.96654811,-46.33830544,363836.00,7348831.00,Avenida Marechal Floriano Peixoto,,Gonzaga,Fixa Digital HD,Em Funcionamento,1,,2021-09-01,true,true,true,2025-11-18 18:18:22.747985+00,2025-11-18 18:31:40.360817+00
142,CAM1654,2962,-23.93281278,-46.33064766,364580.00,7352574.00,Rua do Comércio,Rua 15 de Novembro,Centro,Fixa Digital HD,Em Funcionamento,1,,2021-09-06,true,true,true,2025-11-18 18:18:22.747985+00,2025-11-18 18:31:40.360817+00
143,CAM1655,2963,-23.93281278,-46.33064766,364580.00,7352574.00,Rua do Comércio,Rua 15 de Novembro,Centro,Fixa Digital HD,Em Funcionamento,1,,2021-09-06,true,true,true,2025-11-18 18:18:22.747985+00,2025-11-18 18:31:40.360817+00
144,CAM1656,2964,-23.93281278,-46.33064766,364580.00,7352574.00,Rua do Comércio,Rua 15 de Novembro,Centro,Fixa Digital HD,Em Funcionamento,1,,2021-09-06,true,true,true,2025-11-18 18:18:22.747985+00,2025-11-18 18:31:40.360817+00
145,CAM1659,2873,-23.96791825,-46.33859476,363808.00,7348679.00,Avenida Presidente Wilson,Avenida Bernardino de Campos,Gonzaga,Fixa Digital HD,Em Funcionamento,1,,2021-07-22,true,true,true,2025-11-18 18:18:22.747985+00,2025-11-18 18:31:40.360817+00
146,CAM1660,2874,-23.96794517,-46.33861469,363806.00,7348676.00,Avenida Presidente Wilson,Avenida Bernardino de Campos,Gonzaga,Fixa Digital HD,Em Funcionamento,1,,2021-07-22,true,true,true,2025-11-18 18:18:22.747985+00,2025-11-18 18:31:40.360817+00
147,CAM1661,2875,-23.96794525,-46.33860486,363807.00,7348676.00,Avenida Presidente Wilson,Avenida Bernardino de Campos,Gonzaga,Fixa Digital HD,Em Funcionamento,1,,2021-07-22,true,true,true,2025-11-18 18:18:22.747985+00,2025-11-18 18:31:40.360817+00
148,CAM1662,2876,-23.96115168,-46.33785663,363876.00,7349429.00,Avenida General Francisco Glycerio,Avenida Bernardino de Campos,Gonzaga,Fixa Digital HD,Em Funcionamento,1,,2021-07-23,true,true,true,2025-11-18 18:18:22.747985+00,2025-11-18 18:31:40.360817+00
149,CAM1663,2877,-23.96115160,-46.33786646,363875.00,7349429.00,Avenida General Francisco Glycerio,Avenida Bernardino de Campos,Gonzaga,Fixa Digital HD,Em Funcionamento,1,,2021-07-23,true,true,true,2025-11-18 18:18:22.747985+00,2025-11-18 18:31:40.360817+00
150,CAM1664,2883,-23.96380775,-46.34496947,363155.00,7349128.00,Avenida Senador Pinheiro Machado,Avenida General Francisco Glycerio,Pompéia,Fixa Digital HD,Em Funcionamento,1,,2021-07-28,true,true,true,2025-11-18 18:18:22.747985+00,2025-11-18 18:31:40.360817+00
151,CAM1665,2884,-23.96380766,-46.34497929,363154.00,7349128.00,Avenida Senador Pinheiro Machado,Avenida General Francisco Glycerio,Pompéia,Fixa Digital HD,Em Funcionamento,1,,2021-07-28,true,true,true,2025-11-18 18:18:22.747985+00,2025-11-18 18:31:40.360817+00
152,CAM1666,2886,-23.96546665,-46.34528150,363125.00,7348944.00,Avenida Senador Pinheiro Machado,Avenida Barão de Penedo,José Menino,Fixa Digital HD,Em Funcionamento,1,,2021-07-28,true,true,true,2025-11-18 18:18:22.747985+00,2025-11-18 18:31:40.360817+00
153,CAM1667,2887,-23.96547568,-46.34528160,363125.00,7348943.00,Avenida Senador Pinheiro Machado,Avenida Barão de Penedo,José Menino,Fixa Digital HD,Em Funcionamento,1,,2021-07-28,true,true,true,2025-11-18 18:18:22.747985+00,2025-11-18 18:31:50.46575+00
154,CAM1668,2879,-23.94877382,-46.33021197,364641.00,7350807.00,Avenida Anna Costa,Rua Joaquim Távora,Vila Mathias,Fixa Digital HD,Em Funcionamento,1,,2021-07-26,true,true,true,2025-11-18 18:18:22.747985+00,2025-11-18 18:31:50.46575+00
155,CAM1669,2880,-23.94879146,-46.33026128,364636.00,7350805.00,Avenida Anna Costa,Rua Joaquim Távora,Vila Mathias,Fixa Digital HD,Em Funcionamento,1,,2021-07-26,true,true,true,2025-11-18 18:18:22.747985+00,2025-11-18 18:31:50.46575+00
156,CAM1675,2961,-23.96566175,-46.33223280,364453.00,7348935.00,Avenida Anna Costa,Rua Azevedo Sodré,Gonzaga,Fixa Digital HD,Em Funcionamento,1,,2021-09-04,true,true,true,2025-11-18 18:18:22.747985+00,2025-11-18 18:31:50.46575+00
157,CAM1676,2975,-23.96566167,-46.33224263,364452.00,7348935.00,Avenida Anna Costa,Rua Azevedo Sodré,Gonzaga,Fixa Digital HD,Em Funcionamento,1,,2021-09-18,true,true,true,2025-11-18 18:18:22.747985+00,2025-11-18 18:31:50.46575+00
158,CAM1678,2966,-23.97756754,-46.31509674,366209.00,7347633.00,Avenida Bartholomeu de Gusmão,Avenida Almirante Cochrane,Aparecida,Fixa Digital HD,Em Funcionamento,1,,2021-09-10,true,true,true,2025-11-18 18:18:22.747985+00,2025-11-18 18:31:50.46575+00
159,CAM1679,2967,-23.97757657,-46.31509683,366209.00,7347632.00,Avenida Bartholomeu de Gusmão,Avenida Almirante Cochrane,Aparecida,Fixa Digital HD,Em Funcionamento,1,,2021-09-10,true,true,true,2025-11-18 18:18:22.747985+00,2025-11-18 18:31:50.46575+00
160,CAM1680,2968,-23.97757657,-46.31509683,366209.00,7347632.00,Avenida Bartholomeu de Gusmão,Avenida Almirante Cochrane,Aparecida,Fixa Digital HD,Em Funcionamento,1,,2021-09-10,true,true,true,2025-11-18 18:18:22.747985+00,2025-11-18 18:31:50.46575+00
161,CAM1681,2973,-23.94400494,-46.35200561,362418.00,7351314.00,Praça Guadalajara,,Morro Nova Cintra,Fixa Digital HD,Em Funcionamento,1,,2021-09-17,true,true,true,2025-11-18 18:18:22.747985+00,2025-11-18 18:31:50.46575+00
162,CAM1682,2974,-23.94402300,-46.35200580,362418.00,7351312.00,Praça Guadalajara,,Morro Nova Cintra,Fixa Digital HD,Em Funcionamento,1,,2021-09-17,true,true,true,2025-11-18 18:18:22.747985+00,2025-11-18 18:31:50.46575+00
163,CAM1683,2970,-23.94748279,-46.35496016,362121.00,7350926.00,Rua Lucinda de Matos,Avenida Prefeito Doutor Antônio Manoel de Carvalho,Morro Nova Cintra,Fixa Digital HD,Em Funcionamento,1,,2021-09-17,true,true,true,2025-11-18 18:18:22.747985+00,2025-11-18 18:31:50.46575+00
164,CAM1684,2971,-23.94748279,-46.35496016,362121.00,7350926.00,Rua Lucinda de Matos,Avenida Prefeito Doutor Antônio Manoel de Carvalho,Morro Nova Cintra,Fixa Digital HD,Em Funcionamento,1,,2021-09-17,true,true,true,2025-11-18 18:18:22.747985+00,2025-11-18 18:31:50.46575+00
165,CAM1685,2972,-23.94747367,-46.35496989,362120.00,7350927.00,Rua Lucinda de Matos,Avenida Prefeito Doutor Antônio Manoel de Carvalho,Morro Nova Cintra,Fixa Digital HD,Em Funcionamento,1,,2021-09-17,true,true,true,2025-11-18 18:18:22.747985+00,2025-11-18 18:31:50.46575+00
166,CAM1686,2976,-23.95589185,-46.33104164,364564.00,7350018.00,Avenida Anna Costa,Rua Espírito Santo,Encruzilhada,Fixa Digital HD,Em Funcionamento,1,,2021-09-18,true,true,true,2025-11-18 18:18:22.747985+00,2025-11-18 18:31:50.46575+00
167,CAM1687,2977,-23.95855269,-46.33141290,364529.00,7349723.00,Avenida Anna Costa,Avenida General Francisco Glycerio,Encruzilhada,Fixa Digital HD,Em Funcionamento,1,,2021-09-18,true,true,true,2025-11-18 18:18:22.747985+00,2025-11-18 18:31:50.46575+00
168,CAM1689,7354,-23.95914342,-46.32262389,365424.00,7349666.00,Avenida Conselheiro Nébias,Rua Alexandre Herculano,Boqueirão,Fixa Digital HD,Em Funcionamento,1,,2021-09-18,true,true,true,2025-11-18 18:18:22.747985+00,2025-11-18 18:31:50.46575+00
169,CAM1690,7355,-23.95910730,-46.32262353,365424.00,7349670.00,Avenida Conselheiro Nébias,Rua Alexandre Herculano,Boqueirão,Fixa Digital HD,Em Funcionamento,1,,2021-09-18,true,true,true,2025-11-18 18:18:22.747985+00,2025-11-18 18:31:50.46575+00
170,CAM1694,2982,-23.96271146,-46.33191749,364482.00,7349262.00,Avenida Anna Costa,Rua Luiz de Faria,Gonzaga,Fixa Digital HD,Em Funcionamento,1,,2021-09-20,true,true,true,2025-11-18 18:18:22.747985+00,2025-11-18 18:31:50.46575+00
171,CAM1695,2983,-23.96271146,-46.33191749,364482.00,7349262.00,Avenida Anna Costa,Rua Luiz de Faria,Gonzaga,Fixa Digital HD,Em Funcionamento,1,,2021-09-20,true,true,true,2025-11-18 18:18:22.747985+00,2025-11-18 18:31:50.46575+00
172,CAM1697,2985,-23.93621882,-46.32420781,365239.00,7352203.00,Rua Amador Bueno,Rua Braz Cubas,Centro,Fixa Digital HD,Em Funcionamento,1,,2021-10-13,true,true,true,2025-11-18 18:18:22.747985+00,2025-11-18 18:31:50.46575+00
173,CAM1698,2986,-23.93621882,-46.32420781,365239.00,7352203.00,Rua Amador Bueno,Rua Braz Cubas,Centro,Fixa Digital HD,Em Funcionamento,1,,2021-10-13,true,true,true,2025-11-18 18:18:22.747985+00,2025-11-18 18:31:50.46575+00
174,CAM1700,2988,-23.96688461,-46.33284485,364392.00,7348799.00,Praça da Independência,Avenida Marechal Floriano Peixoto,Gonzaga,Fixa Digital HD,Em Funcionamento,1,,2021-10-23,true,true,true,2025-11-18 18:18:22.747985+00,2025-11-18 18:31:50.46575+00
175,CAM1701,2989,-23.96688461,-46.33284485,364392.00,7348799.00,Praça da Independência,Avenida Marechal Floriano Peixoto,Gonzaga,Fixa Digital HD,Em Funcionamento,1,,2021-10-23,true,true,true,2025-11-18 18:18:22.747985+00,2025-11-18 18:31:50.46575+00
176,CAM1702,2996,-23.93762820,-46.33249506,364397.00,7352039.00,Túnel Rubens Ferreira Martins,,Centro,Fixa Digital HD,Em Funcionamento,1,,2022-02-01,true,true,true,2025-11-18 18:18:22.747985+00,2025-11-18 18:31:50.46575+00
177,CAM1703,2997,-23.93760980,-46.33253417,364393.00,7352041.00,Túnel Rubens Ferreira Martins,,Centro,Fixa Digital HD,Em Funcionamento,1,,2022-02-01,true,true,true,2025-11-18 18:18:22.747985+00,2025-11-18 18:31:50.46575+00
178,CAM1704,2990,-23.93761874,-46.33254409,364392.00,7352040.00,Túnel Rubens Ferreira Martins,,Centro,Fixa Digital HD,Em Funcionamento,1,,2022-01-25,true,true,true,2025-11-18 18:18:22.747985+00,2025-11-18 18:31:50.46575+00
179,CAM1705,2991,-23.93763663,-46.33256392,364390.00,7352038.00,Túnel Rubens Ferreira Martins,,Centro,Fixa Digital HD,Em Funcionamento,1,,2022-01-25,true,true,true,2025-11-18 18:18:22.747985+00,2025-11-18 18:31:50.46575+00
180,CAM1718,3005,-23.94438751,-46.35265810,362352.00,7351271.00,Praça Guadalajara,,Morro Nova Cintra,Fixa Digital HD,Em Funcionamento,1,,2022-04-12,true,true,true,2025-11-18 18:18:22.747985+00,2025-11-18 18:31:50.46575+00
181,CAM1719,3006,-23.94439654,-46.35265819,362352.00,7351270.00,Praça Guadalajara,,Morro Nova Cintra,Fixa Digital HD,Em Funcionamento,1,,2022-04-12,true,true,true,2025-11-18 18:18:22.747985+00,2025-11-18 18:31:50.46575+00
182,CAM1721,3008,-23.94389707,-46.35399910,362215.00,7351324.00,Rua Torquato Dias,Rua Manoel Garcia Villarinho,Morro Nova Cintra,Fixa Digital HD,Em Funcionamento,1,,2022-04-13,true,true,true,2025-11-18 18:18:22.747985+00,2025-11-18 18:31:50.46575+00
183,CAM1722,3009,-23.94388813,-46.35398918,362216.00,7351325.00,Rua Torquato Dias,Rua Manoel Garcia Villarinho,Morro Nova Cintra,Fixa Digital HD,Em Funcionamento,1,,2022-04-13,true,true,true,2025-11-18 18:18:22.747985+00,2025-11-18 18:31:50.46575+00
184,CAM1727,3014,-23.93071389,-46.33835820,363793.00,7352799.00,Praça Lions Clube,Avenida Getúlio Dornelles Vargas,Chinês,Fixa Digital HD,Em Funcionamento,1,,2022-04-19,true,true,true,2025-11-18 18:18:22.747985+00,2025-11-18 18:31:50.46575+00
185,CAM1729,3016,-23.94605955,-46.36475146,361123.00,7351074.00,Praça Albertino Moreira,Avenida Francisco Ferreira Canto,Caneleira,Fixa Digital HD,Em Funcionamento,1,,2022-04-20,true,true,true,2025-11-18 18:18:22.747985+00,2025-11-18 18:31:50.46575+00
186,CAM1731,3018,-23.94607761,-46.36475165,361123.00,7351072.00,Praça Albertino Moreira,Avenida Francisco Ferreira Canto,Caneleira,Fixa Digital HD,Em Funcionamento,1,,2022-04-27,true,true,true,2025-11-18 18:18:22.747985+00,2025-11-18 18:31:50.46575+00
187,CAM1732,3019,-23.94579189,-46.35725156,361886.00,7351111.00,Rua Manoel Pereira,Rua Torquato Dias,Morro Nova Cintra,Fixa Digital HD,Em Funcionamento,1,,2022-04-27,true,true,true,2025-11-18 18:18:22.747985+00,2025-11-18 18:31:50.46575+00
188,CAM1733,3020,-23.94579197,-46.35724174,361887.00,7351111.00,Rua Manoel Pereira,Rua Torquato Dias,Morro Nova Cintra,Fixa Digital HD,Em Funcionamento,1,,2022-04-27,true,true,true,2025-11-18 18:18:22.747985+00,2025-11-18 18:31:50.46575+00
189,CAM1734,3032,-23.95151996,-46.31227761,366469.00,7350520.00,Avenida Senador Dantas,Avenida Engenheiro Civil Sérgio da Costa Matte,Encruzilhada,Fixa Digital HD,Em Funcionamento,1,,2022-05-11,true,true,true,2025-11-18 18:18:22.747985+00,2025-11-18 18:31:50.46575+00
190,CAM1737,3023,-23.94028035,-46.33698304,363943.00,7351741.00,Rua Vasco da Gama,Rua Manuel Nascimento Júnior,Jabaquara,Fixa Digital HD,Em Funcionamento,1,,2022-04-27,true,true,true,2025-11-18 18:18:22.747985+00,2025-11-18 18:31:50.46575+00
191,CAM1738,3024,-23.94028035,-46.33698304,363943.00,7351741.00,Rua Vasco da Gama,Rua Manuel Nascimento Júnior,Jabaquara,Fixa Digital HD,Em Funcionamento,1,,2022-04-27,true,true,true,2025-11-18 18:18:22.747985+00,2025-11-18 18:31:50.46575+00
192,CAM1739,3025,-23.94028035,-46.33698304,363943.00,7351741.00,Rua Vasco da Gama,Rua Manuel Nascimento Júnior,Jabaquara,Fixa Digital HD,Em Funcionamento,1,,2022-04-27,true,true,true,2025-11-18 18:18:22.747985+00,2025-11-18 18:31:50.46575+00
193,CAM1742,3034,-23.96624572,-46.32318774,365374.00,7348879.00,Avenida Conselheiro Nébias,Rua Doutor Amilcar Mendes Gonçalves,Boqueirão,Fixa Digital HD,Em Funcionamento,1,,2022-04-19,true,true,true,2025-11-18 18:18:22.747985+00,2025-11-18 18:31:50.46575+00
194,CAM1743,3035,-23.96624572,-46.32318774,365374.00,7348879.00,Avenida Conselheiro Nébias,Rua Doutor Amilcar Mendes Gonçalves,Boqueirão,Dome Digital HD,Em Funcionamento,1,,2022-04-19,true,true,true,2025-11-18 18:18:22.747985+00,2025-11-18 18:31:50.46575+00
195,CAM1746,3037,-23.93395718,-46.32989305,364658.00,7352448.00,Avenida João Pessoa,Rua Frei Gaspar,Centro,Fixa Digital HD,Em Funcionamento,1,,2022-04-19,true,true,true,2025-11-18 18:18:22.747985+00,2025-11-18 18:31:50.46575+00
196,CAM1747,3038,-23.93397524,-46.32989323,364658.00,7352446.00,Avenida João Pessoa,Rua Frei Gaspar,Centro,Fixa Digital HD,Em Funcionamento,1,,2022-04-19,true,true,true,2025-11-18 18:18:22.747985+00,2025-11-18 18:31:50.46575+00
197,CAM1753,3031,-23.95153743,-46.31234657,366462.00,7350518.00,Avenida Senador Dantas,Avenida Engenheiro Civil Sérgio da Costa Matte,Outeirinhos,Fixa Digital HD,Em Funcionamento,1,,2022-05-11,true,true,true,2025-11-18 18:18:22.747985+00,2025-11-18 18:31:50.46575+00
198,CAM1755,3050,-23.93646100,-46.32858248,364794.00,7352172.00,Avenida São Francisco,Rua Dom Pedro II,Centro,Fixa Digital HD,Em Funcionamento,1,,2022-05-23,true,true,true,2025-11-18 18:18:22.747985+00,2025-11-18 18:31:50.46575+00
199,CAM1756,3051,-23.93647003,-46.32858258,364794.00,7352171.00,Avenida São Francisco,Rua Dom Pedro II,Centro,Fixa Digital HD,Em Funcionamento,1,,2022-05-23,true,true,true,2025-11-18 18:18:22.747985+00,2025-11-18 18:31:50.46575+00
200,CAM1757,3052,-23.93647012,-46.32857275,364795.00,7352171.00,Avenida São Francisco,Rua Dom Pedro II,Gonzaga,Fixa Digital HD,Em Funcionamento,1,,2022-05-23,true,true,true,2025-11-18 18:18:22.747985+00,2025-11-18 18:31:50.46575+00
278,CAM1763,3046,-23.96404694,-46.33203931,364471.00,7349114.00,Avenida Anna Costa,Rua Tolentino Filgueiras,Gonzaga,Fixa Digital HD,Em Funcionamento,1,,2022-05-23,true,true,true,2025-11-18 18:18:24.479099+00,2025-11-18 18:25:25.98603+00
279,CAM1764,3047,-23.96404694,-46.33203931,364471.00,7349114.00,Avenida Anna Costa,Rua Tolentino Filgueiras,Gonzaga,Fixa Digital HD,Em Funcionamento,1,,2022-05-23,true,true,true,2025-11-18 18:18:24.776454+00,2025-11-18 18:31:50.46575+00
280,CAM1765,3048,-23.96404694,-46.33203931,364471.00,7349114.00,Avenida Anna Costa,Rua Tolentino Filgueiras,Gonzaga,Fixa Digital HD,Em Funcionamento,1,,2022-05-23,true,true,true,2025-11-18 18:18:25.04797+00,2025-11-18 18:31:50.46575+00
281,CAM1781,3062,-23.96774633,-46.34997322,362650.00,7348687.00,Avenida Presidente Wilson,Rua Newton Prado,José Menino,Fixa Digital HD,Em Funcionamento,1,,2023-05-16,true,true,true,2025-11-18 18:18:25.371966+00,2025-11-18 18:32:01.616054+00
282,CAM1782,3063,-23.96775501,-46.35001262,362646.00,7348686.00,Avenida Presidente Wilson,Rua Newton Prado,José Menino,Fixa Digital HD,Em Funcionamento,1,,2023-05-16,true,true,true,2025-11-18 18:18:25.698869+00,2025-11-18 18:32:01.616054+00
283,CAM1785,7361,-23.91837119,-46.28626287,369083.00,7354215.00,Rua Andrade Soares,,Monte Cabrão,Fixa Digital HD,Em Funcionamento,1,SEÇÃO UNIDADE DE SAÚDE DA FAMÍLIA DE CARUARA / MONTE CABRÃO,,true,true,true,2025-11-18 18:18:26.00173+00,2025-11-18 18:32:01.616054+00
284,CAM1791,3840,-23.88159674,-46.19215524,378628.00,7358371.00,Rua Andrade Soares,,Caruara,Fixa Digital HD,Em Funcionamento,1,,2024-03-20,true,true,true,2025-11-18 18:18:26.293426+00,2025-11-18 18:32:01.616054+00
285,CAM1792,3783,-23.89022473,-46.18822692,379036.00,7357419.00,Praça do Portinho,Rua Andrade Soares,Caruara,Fixa Digital HD,Em Funcionamento,1,,2024-01-17,true,true,true,2025-11-18 18:18:26.631037+00,2025-11-18 18:32:01.616054+00
286,CAM1793,3784,-23.89023346,-46.18826629,379032.00,7357418.00,Praça do Portinho,Rua Andrade Soares,Caruara,Fixa Digital HD,Em Funcionamento,1,,2024-01-17,true,true,true,2025-11-18 18:18:26.925493+00,2025-11-18 18:32:01.616054+00
287,CAM1794,3785,-23.89024264,-46.18824673,379034.00,7357417.00,Praça do Portinho,Rua Andrade Soares,Caruara,Fixa Digital HD,Em Funcionamento,1,,2024-01-17,true,true,true,2025-11-18 18:18:27.233797+00,2025-11-18 18:32:01.616054+00
288,CAM1796,3789,-23.88493918,-46.18970100,378881.00,7358003.00,Rua Caramuru do Caruara,,Caruara,Fixa Digital HD,Em Funcionamento,1,,2024-01-17,true,true,true,2025-11-18 18:18:27.538562+00,2025-11-18 18:32:01.616054+00
289,CAM1797,3790,-23.88494828,-46.18969126,378882.00,7358002.00,Rua Caramuru do Caruara,,Caruara,Fixa Digital HD,Em Funcionamento,1,,2024-01-17,true,true,true,2025-11-18 18:18:27.824645+00,2025-11-18 18:32:01.616054+00
290,CAM1798,3791,-23.88501992,-46.18977049,378874.00,7357994.00,Rua Caramuru do Caruara,,Caruara,Fixa Digital HD,Em Funcionamento,1,,2024-01-24,true,true,true,2025-11-18 18:18:28.081397+00,2025-11-18 18:32:01.616054+00
291,CAM1812,3804,-23.96931968,-46.34974393,362675.00,7348513.00,,,José Menino,Fixa Digital HD,Em Funcionamento,1,,2024-01-29,true,true,true,2025-11-18 18:18:28.348181+00,2025-11-18 18:32:01.616054+00
292,CAM1814,3808,-23.96998633,-46.34992777,362657.00,7348439.00,,,José Menino,Fixa Digital HD,Em Funcionamento,1,,2024-02-08,true,true,true,2025-11-18 18:18:28.606124+00,2025-11-18 18:32:01.616054+00
293,CAM1819,3812,-23.96997207,-46.34949520,362701.00,7348441.00,,,José Menino,Fixa Digital HD,Em Funcionamento,1,,2024-02-06,true,true,true,2025-11-18 18:18:28.855464+00,2025-11-18 18:32:01.616054+00
294,CAM1832,3825,-23.97061180,-46.34965911,362685.00,7348370.00,,,José Menino,Fixa Digital HD,Em Funcionamento,1,,2024-02-16,true,true,true,2025-11-18 18:18:29.084249+00,2025-11-18 18:32:01.616054+00
295,CAM1833,3826,-23.97062032,-46.34971816,362679.00,7348369.00,,,José Menino,Fixa Digital HD,Em Funcionamento,1,,2024-02-16,true,true,true,2025-11-18 18:18:29.362678+00,2025-11-18 18:32:01.616054+00
296,CAM1839,3834,-23.97118928,-46.34971426,362680.00,7348306.00,,,José Menino,Fixa Digital HD,Em Funcionamento,1,,2024-02-16,true,true,true,2025-11-18 18:18:29.667368+00,2025-11-18 18:32:01.616054+00
297,CAM1846,3820,-23.97049597,-46.34948100,362703.00,7348383.00,,,José Menino,Fixa Digital HD,Em Funcionamento,1,,2024-02-08,true,true,true,2025-11-18 18:18:30.013495+00,2025-11-18 18:32:01.616054+00
298,CAM1856,7366,-23.88155280,-46.19199770,378644.00,7358376.00,Rua Andrade Soares,,Caruara,Fixa Digital HD,Em Funcionamento,1,,,true,true,true,2025-11-18 18:18:30.392189+00,2025-11-18 18:32:01.616054+00
299,CAM1859,7290,-23.93150105,-46.32673378,364977.00,7352723.00,Avenida Antonio Prado,,Porto Valongo,Fixa Digital HD,Em Funcionamento,1,,2024-07-04,true,true,true,2025-11-18 18:18:30.69972+00,2025-11-18 18:32:01.616054+00
300,CAM1860,7291,-23.93143292,-46.32730292,364919.00,7352730.00,Avenida Antonio Prado,,Porto Valongo,Fixa Digital HD,Em Funcionamento,1,,2024-07-04,true,true,true,2025-11-18 18:18:30.946449+00,2025-11-18 18:32:01.616054+00
301,CAM1862,7293,-23.93148905,-46.32707752,364942.00,7352724.00,Avenida Antonio Prado,,Porto Valongo,Fixa Digital HD,Em Funcionamento,1,,2024-07-04,true,true,true,2025-11-18 18:18:31.213208+00,2025-11-18 18:32:01.616054+00
302,CAM1863,7294,-23.93135677,-46.32775408,364873.00,7352738.00,Avenida Antonio Prado,,Porto Valongo,Fixa Digital HD,Em Funcionamento,1,,2024-07-04,true,true,true,2025-11-18 18:18:31.452456+00,2025-11-18 18:32:01.616054+00
303,CAM1871,7302,-23.93153484,-46.32595796,365056.00,7352720.00,Avenida Antonio Prado,,Porto Valongo,Fixa Digital HD,Em Funcionamento,1,,2024-07-04,true,true,true,2025-11-18 18:18:31.76666+00,2025-11-18 18:32:01.616054+00
304,CAM1872,7303,-23.93160254,-46.32543794,365109.00,7352713.00,Avenida Antonio Prado,,Porto Valongo,Fixa Digital HD,Em Funcionamento,1,,2024-07-04,true,true,true,2025-11-18 18:18:32.055671+00,2025-11-18 18:32:01.616054+00
305,CAM1873,7304,-23.93155764,-46.32540801,365112.00,7352718.00,Avenida Antonio Prado,,Porto Valongo,Fixa Digital HD,Em Funcionamento,1,,2024-07-04,true,true,true,2025-11-18 18:18:32.357874+00,2025-11-18 18:32:01.616054+00
306,CAM1874,7305,-23.93153755,-46.32564360,365088.00,7352720.00,Avenida Antonio Prado,,Porto Valongo,Fixa Digital HD,Em Funcionamento,1,,2024-07-04,true,true,true,2025-11-18 18:18:32.646917+00,2025-11-18 18:32:01.616054+00
307,CAM1880,7311,-23.93140421,-46.32748929,364900.00,7352733.00,Avenida Antonio Prado,,Porto Valongo,Fixa Digital HD,Em Funcionamento,1,,2024-07-04,true,true,true,2025-11-18 18:18:32.971839+00,2025-11-18 18:32:01.616054+00
308,CAM1882,7313,-23.93144420,-46.32599633,365052.00,7352730.00,Avenida Antonio Prado,,Porto Valongo,Fixa Digital HD,Em Funcionamento,1,,2024-07-04,true,true,true,2025-11-18 18:18:33.276467+00,2025-11-18 18:32:01.616054+00
309,CAM1903,7563,-23.96648707,-46.32033041,365665.00,7348855.00,Rua Bento de Abreu,Rua Alvares de Azevedo,Boqueirão,Fixa Digital HD,Em Funcionamento,1,,2025-01-08,true,true,true,2025-11-18 18:18:33.578664+00,2025-11-18 18:32:01.616054+00
310,CAM1925,7782,-23.93376756,-46.32675694,364977.00,7352472.00,Rua General Câmara,Rua Itororó,Centro,Fixa Digital HD,Em Funcionamento,1,,2025-02-28,true,true,true,2025-11-18 18:18:33.865204+00,2025-11-18 18:32:01.616054+00
311,CAM1926,7783,-23.93378545,-46.32677678,364975.00,7352470.00,Rua General Câmara,Rua Itororó,Centro,Fixa Digital HD,Em Funcionamento,1,,2025-02-28,true,true,true,2025-11-18 18:18:34.175429+00,2025-11-18 18:32:01.616054+00
312,CAM1929,7799,-23.93331334,-46.33020085,364626.00,7352519.00,Rua do Comércio,Praça Ruy Barbosa,Centro,Fixa Digital HD,Em Funcionamento,1,,2025-03-12,true,true,true,2025-11-18 18:18:34.482194+00,2025-11-18 18:32:01.616054+00
313,CAM1930,7800,-23.93328633,-46.33019075,364627.00,7352522.00,Rua do Comércio,Praça Ruy Barbosa,Centro,Fixa Digital HD,Em Funcionamento,1,,2025-03-12,true,true,true,2025-11-18 18:18:34.92276+00,2025-11-18 18:32:01.616054+00
314,CAM1931,7801,-23.93331308,-46.33023032,364623.00,7352519.00,Rua do Comércio,Praça Ruy Barbosa,Centro,Fixa Digital HD,Em Funcionamento,1,,2025-03-12,true,true,true,2025-11-18 18:18:35.22647+00,2025-11-18 18:32:01.616054+00
315,CAM1933,7795,-23.94758910,-46.37045675,360544.00,7350899.00,Rua Domingos José Martins,Avenida Nossa Senhora de Fátima,Areia Branca,Fixa Digital HD,Em Funcionamento,1,,2025-03-21,true,true,true,2025-11-18 18:18:35.494527+00,2025-11-18 18:32:01.616054+00
316,CAM1934,7796,-23.94755307,-46.37044654,360545.00,7350903.00,Rua Domingos José Martins,Avenida Nossa Senhora de Fátima,Areia Branca,Fixa Digital HD,Em Funcionamento,1,,2025-03-21,true,true,true,2025-11-18 18:18:35.783936+00,2025-11-18 18:32:01.616054+00
317,CAM1935,7797,-23.94757095,-46.37046638,360543.00,7350901.00,Rua Domingos José Martins,Avenida Nossa Senhora de Fátima,Areia Branca,Fixa Digital HD,Em Funcionamento,1,,2025-03-21,true,true,true,2025-11-18 18:18:36.347151+00,2025-11-18 18:32:01.616054+00
318,CAM1936,7818,-23.96802327,-46.30543759,367182.00,7348699.00,Avenida Affonso Penna,Praça Visconde de Itaborahy,Macuco,Fixa Digital HD,Em Funcionamento,1,,2025-04-11,true,true,true,2025-11-18 18:18:36.621423+00,2025-11-18 18:32:01.616054+00
319,CAM1937,7822,-23.97700330,-46.29970972,367774.00,7347710.00,Avenida Professor Aristóteles Menezes,Praça 1º de Maio,Ponta Da Praia,Fixa Digital HD,Em Funcionamento,1,,2025-04-14,true,true,true,2025-11-18 18:18:36.941453+00,2025-11-18 18:32:01.616054+00
320,CAM3001,3752,-23.94272957,-46.32948185,364709.00,7351477.00,Avenida Rangel Pestana,Avenida Anna Costa,Vila Mathias,Fixa Digital HD,Em Funcionamento,1,,2024-10-03,true,true,true,2025-11-18 18:18:37.212301+00,2025-11-18 18:32:01.616054+00
321,CAM3002,3753,-23.94273860,-46.32948194,364709.00,7351476.00,Avenida Rangel Pestana,Avenida Anna Costa,Vila Mathias,Fixa Digital HD,Em Funcionamento,1,,2024-10-03,true,true,true,2025-11-18 18:18:37.463664+00,2025-11-18 18:32:01.616054+00
322,CAM3003,3754,-23.94274737,-46.32951151,364706.00,7351475.00,Avenida Anna Costa,Avenida Rangel Pestana,Vila Mathias,Fixa Digital HD,Em Funcionamento,1,,2024-10-03,true,true,true,2025-11-18 18:18:37.765717+00,2025-11-18 18:32:01.616054+00
323,CAM3004,7385,-23.94303488,-46.32968149,364689.00,7351443.00,Praça Belmiro Ribeiro,,Vila Mathias,Fixa Digital HD,Em Funcionamento,1,,2024-10-03,true,true,true,2025-11-18 18:18:38.073865+00,2025-11-18 18:32:01.616054+00
324,CAM3010,7393,-23.94363128,-46.32963847,364694.00,7351377.00,Avenida Anna Costa,Rua Julio de Mesquita,Vila Mathias,Fixa Digital HD,Em Funcionamento,1,,2024-10-17,true,true,true,2025-11-18 18:18:38.316266+00,2025-11-18 18:32:01.616054+00
325,CAM3011,7394,-23.94363154,-46.32960900,364697.00,7351377.00,Avenida Anna Costa,Rua Julio de Mesquita,Vila Mathias,Fixa Digital HD,Em Funcionamento,1,,2024-10-17,true,true,true,2025-11-18 18:18:38.578421+00,2025-11-18 18:32:01.616054+00
326,CAM3012,7395,-23.94364031,-46.32963857,364694.00,7351376.00,Avenida Anna Costa,Rua Julio de Mesquita,Vila Mathias,Fixa Digital HD,Em Funcionamento,1,,2024-10-17,true,true,true,2025-11-18 18:18:38.882729+00,2025-11-18 18:32:01.616054+00
327,CAM3014,3722,-23.96136531,-46.33302394,364368.00,7349410.00,Rua Paraguai,Rua Bahia,Gonzaga,Fixa Digital HD,Em Funcionamento,1,,2024-10-17,true,true,true,2025-11-18 18:18:39.164186+00,2025-11-18 18:32:01.616054+00
328,CAM3015,3723,-23.96135662,-46.33298454,364372.00,7349411.00,Rua Bahia,Rua Paraguai,Gonzaga,Fixa Digital HD,Em Funcionamento,1,,2024-10-17,true,true,true,2025-11-18 18:18:39.427972+00,2025-11-18 18:32:01.616054+00
329,CAM3018,3734,-23.95974903,-46.33403914,364263.00,7349588.00,Rua Pasteur,Avenida General Francisco Glycerio,Gonzaga,Fixa Digital HD,Em Funcionamento,1,,2024-10-03,true,true,true,2025-11-18 18:18:39.735+00,2025-11-18 18:32:01.616054+00
330,CAM3019,3731,-23.95974894,-46.33404897,364262.00,7349588.00,Avenida General Francisco Glycerio,Rua Pasteur,Gonzaga,Fixa Digital HD,Em Funcionamento,1,,2024-10-03,true,true,true,2025-11-18 18:18:39.99665+00,2025-11-18 18:32:01.616054+00
331,CAM3020,3732,-23.95975780,-46.33406871,364260.00,7349587.00,Rua Pasteur,Avenida General Francisco Glycerio,Gonzaga,Fixa Digital HD,Em Funcionamento,1,,2024-10-03,true,true,true,2025-11-18 18:18:40.248757+00,2025-11-18 18:32:21.005989+00
332,CAM3022,7507,-23.96052947,-46.33047998,364626.00,7349505.00,Rua Goiás,Rua Doutor Assis Corrêa,Gonzaga,Fixa Digital HD,Em Funcionamento,1,,2024-11-26,true,true,true,2025-11-18 18:18:40.52379+00,2025-11-18 18:32:21.005989+00
333,CAM3024,3716,-23.96429231,-46.33498018,364172.00,7349084.00,Avenida Marechal Deodoro,Praça Fernandes Pacheco,Gonzaga,Fixa Digital HD,Em Funcionamento,1,,2024-10-30,true,true,true,2025-11-18 18:18:40.852912+00,2025-11-18 18:32:21.005989+00
334,CAM3025,3717,-23.96431046,-46.33497054,364173.00,7349082.00,Avenida Marechal Deodoro,Praça Fernandes Pacheco,Gonzaga,Fixa Digital HD,Em Funcionamento,1,,2024-10-30,true,true,true,2025-11-18 18:18:41.135891+00,2025-11-18 18:32:21.005989+00
335,CAM3027,3720,-23.96388998,-46.33451416,364219.00,7349129.00,Praça Fernandes Pacheco,Rua Tolentino Filgueiras,Gonzaga,Fixa Digital HD,Em Funcionamento,1,,2024-10-31,true,true,true,2025-11-18 18:18:41.430989+00,2025-11-18 18:32:21.005989+00
336,CAM3028,3719,-23.96388078,-46.33453372,364217.00,7349130.00,Praça Fernandes Pacheco,Rua Tolentino Filgueiras,Gonzaga,Fixa Digital HD,Em Funcionamento,1,,2024-10-31,true,true,true,2025-11-18 18:18:41.671828+00,2025-11-18 18:32:21.005989+00
337,CAM3030,3725,-23.96431376,-46.33043038,364635.00,7349086.00,Rua José Caballero,Rua Tolentino Filgueiras,Gonzaga,Fixa Digital HD,Em Funcionamento,1,,2025-04-07,true,true,true,2025-11-18 18:18:41.975074+00,2025-11-18 18:32:21.005989+00
338,CAM3031,3726,-23.96427721,-46.33047914,364630.00,7349090.00,Rua José Caballero,Rua Tolentino Filgueiras,Gonzaga,Fixa Digital HD,Em Funcionamento,1,,2025-04-07,true,true,true,2025-11-18 18:18:42.284445+00,2025-11-18 18:32:21.005989+00
339,CAM3032,7448,-23.95854962,-46.33176663,364493.00,7349723.00,Avenida General Francisco Glycerio,Avenida Anna Costa,Campo Grande,Fixa Digital HD,Em Funcionamento,1,,2024-10-29,true,true,true,2025-11-18 18:18:42.52359+00,2025-11-18 18:32:21.005989+00
340,CAM3033,7449,-23.95851427,-46.33167783,364502.00,7349727.00,Avenida General Francisco Glycerio,Avenida Anna Costa,Campo Grande,Fixa Digital HD,Em Funcionamento,1,,2024-10-29,true,true,true,2025-11-18 18:18:42.898317+00,2025-11-18 18:32:21.005989+00
341,CAM3039,3712,-23.96537099,-46.33347788,364326.00,7348966.00,Rua Cláudio Doneux,Rua Bahia,Gonzaga,Fixa Digital HD,Em Funcionamento,1,,2024-10-29,true,true,true,2025-11-18 18:18:43.128814+00,2025-11-18 18:32:21.005989+00
342,CAM3040,3713,-23.96540728,-46.33345860,364328.00,7348962.00,Rua Bahia,Rua Cláudio Doneux,Gonzaga,Fixa Digital HD,Em Funcionamento,1,,2024-10-29,true,true,true,2025-11-18 18:18:43.39002+00,2025-11-18 18:32:21.005989+00
343,CAM3042,7463,-23.96668599,-46.33491639,364181.00,7348819.00,Avenida Marechal Floriano Peixoto,Rua Pereira Barreto,Gonzaga,Fixa Digital HD,Em Funcionamento,1,,2024-10-31,true,true,true,2025-11-18 18:18:43.723188+00,2025-11-18 18:32:21.005989+00
344,CAM3043,7464,-23.96669494,-46.33492631,364180.00,7348818.00,Avenida Marechal Floriano Peixoto,Rua Pereira Barreto,Gonzaga,Fixa Digital HD,Em Funcionamento,1,,2024-10-31,true,true,true,2025-11-18 18:18:44.009922+00,2025-11-18 18:32:21.005989+00
345,CAM3045,7405,-23.94304859,-46.33434882,364214.00,7351437.00,Avenida Francisco Manoel,Avenida Doutor Waldemar Leão,Vila Mathias,Fixa Digital HD,Em Funcionamento,1,,2024-10-23,true,true,true,2025-11-18 18:18:44.428493+00,2025-11-18 18:32:21.005989+00
346,CAM3046,7406,-23.94304876,-46.33432917,364216.00,7351437.00,Avenida Francisco Manoel,Avenida Doutor Waldemar Leão,Vila Mathias,Fixa Digital HD,Em Funcionamento,1,,2024-10-23,true,true,true,2025-11-18 18:18:44.746364+00,2025-11-18 18:32:21.005989+00
347,CAM3047,7407,-23.94305719,-46.33439803,364209.00,7351436.00,Avenida Francisco Manoel,Avenida Doutor Waldemar Leão,Vila Mathias,Fixa Digital HD,Em Funcionamento,1,,2024-10-23,true,true,true,2025-11-18 18:18:44.981896+00,2025-11-18 18:32:21.005989+00
348,CAM3048,7408,-23.94307517,-46.33440805,364208.00,7351434.00,Avenida Francisco Manoel,Avenida Doutor Waldemar Leão,Vila Mathias,Fixa Digital HD,Em Funcionamento,1,,2024-10-23,true,true,true,2025-11-18 18:18:45.236546+00,2025-11-18 18:32:21.005989+00
349,CAM3050,7478,-23.96118523,-46.33815179,363846.00,7349425.00,Avenida General Francisco Glycerio,Avenida Bernardino de Campos,Campo Grande,Fixa Digital HD,Em Funcionamento,1,,2024-11-04,true,true,true,2025-11-18 18:18:45.566128+00,2025-11-18 18:32:21.005989+00
350,CAM3051,7479,-23.96119409,-46.33817154,363844.00,7349424.00,Avenida General Francisco Glycerio,Avenida Bernardino de Campos,Campo Grande,Fixa Digital HD,Em Funcionamento,1,,2024-11-04,true,true,true,2025-11-18 18:18:45.794926+00,2025-11-18 18:32:21.005989+00
351,CAM3053,3702,-23.96252009,-46.34144783,363512.00,7349274.00,Rua Ceará,Avenida General Francisco Glycerio,Pompéia,Fixa Digital HD,Em Funcionamento,1,,2024-10-29,true,true,true,2025-11-18 18:18:46.04375+00,2025-11-18 18:32:21.005989+00
352,CAM3054,3703,-23.96253789,-46.34147749,363509.00,7349272.00,Rua Ceará,Avenida General Francisco Glycerio,Pompéia,Fixa Digital HD,Em Funcionamento,1,,2024-10-29,true,true,true,2025-11-18 18:18:46.335496+00,2025-11-18 18:32:21.005989+00
353,CAM3055,3727,-23.96248414,-46.34142780,363514.00,7349278.00,Rua Galeão Carvalhal,Avenida Washington Luis,Gonzaga,Dome Digital HD,Em Funcionamento,1,,2024-11-25,true,true,true,2025-11-18 18:18:46.594358+00,2025-11-18 18:32:21.005989+00
355,CAM3056,3728,-23.96743468,-46.32877209,364807.00,7348742.00,Avenida Washington Luis,Rua Galeão Carvalhal,Gonzaga,Fixa Digital HD,Em Funcionamento,1,,2024-11-29,true,true,true,2025-11-18 18:18:47.175548+00,2025-11-18 18:32:21.005989+00
356,CAM3058,3736,-23.95421685,-46.32736898,364936.00,7350207.00,Rua Cunha Moreira,Avenida Senador Feijó,Gonzaga,Fixa Digital HD,Em Funcionamento,1,,2024-11-08,true,true,true,2025-11-18 18:18:47.503137+00,2025-11-18 18:32:21.005989+00
357,CAM3061,3570,-23.96698478,-46.31389846,366320.00,7348806.00,Avenida Senador Dantas,Avenida Doutor Pedro Lessa,Embaré,Fixa Digital HD,Em Funcionamento,1,,2024-12-10,true,true,true,2025-11-18 18:18:47.790126+00,2025-11-18 18:32:21.005989+00
358,CAM3062,3572,-23.96689321,-46.31404495,366305.00,7348816.00,Avenida Senador Dantas,Avenida Doutor Pedro Lessa,Embaré,Fixa Digital HD,Em Funcionamento,1,,2024-12-10,true,true,true,2025-11-18 18:18:48.086085+00,2025-11-18 18:32:21.005989+00
359,CAM3064,3576,-23.96631555,-46.31400961,366308.00,7348880.00,Rua Comendador Alfaia Rodrigues,Avenida Senador Dantas,Embaré,Fixa Digital HD,Em Funcionamento,1,,2024-12-04,true,true,true,2025-11-18 18:18:48.331464+00,2025-11-18 18:32:21.005989+00
360,CAM3065,3577,-23.96629909,-46.31382272,366327.00,7348882.00,Rua Comendador Alfaia Rodrigues,Avenida Senador Dantas,Embaré,Fixa Digital HD,Em Funcionamento,1,,2024-12-04,true,true,true,2025-11-18 18:18:48.575973+00,2025-11-18 18:32:21.005989+00
361,CAM3067,3580,-23.96472906,-46.31366922,366341.00,7349056.00,Rua Professor Torres Homem,Avenida Senador Dantas,Embaré,Fixa Digital HD,Em Funcionamento,1,,2024-12-03,true,true,true,2025-11-18 18:18:48.82408+00,2025-11-18 18:32:21.005989+00
362,CAM3068,3579,-23.96474569,-46.31383645,366324.00,7349054.00,Rua Professor Torres Homem,Avenida Senador Dantas,Embaré,Fixa Digital HD,Em Funcionamento,1,,2024-12-03,true,true,true,2025-11-18 18:18:49.071864+00,2025-11-18 18:32:21.005989+00
363,CAM3070,3600,-23.97055046,-46.30878485,366844.00,7348416.00,Avenida Doutor Pedro Lessa,Avenida Almirante Cochrane,Embaré,Fixa Digital HD,Em Funcionamento,1,,2025-01-03,true,true,true,2025-11-18 18:18:49.311524+00,2025-11-18 18:32:21.005989+00
364,CAM3071,3602,-23.97050598,-46.30870578,366852.00,7348421.00,Avenida Doutor Pedro Lessa,Avenida Almirante Cochrane,Aparecida,Fixa Digital HD,Em Funcionamento,1,,2025-01-03,true,true,true,2025-11-18 18:18:49.63627+00,2025-11-18 18:32:21.005989+00
365,CAM3073,3601,-23.97073064,-46.30883581,366839.00,7348396.00,Avenida Doutor Pedro Lessa,Avenida Almirante Cochrane,Embaré,Fixa Digital HD,Em Funcionamento,1,,2025-01-03,true,true,true,2025-11-18 18:18:49.877364+00,2025-11-18 18:32:21.005989+00
366,CAM3074,3603,-23.97073047,-46.30885547,366837.00,7348396.00,Avenida Doutor Pedro Lessa,Avenida Almirante Cochrane,Aparecida,Fixa Digital HD,Em Funcionamento,1,,2025-01-03,true,true,true,2025-11-18 18:18:50.129353+00,2025-11-18 18:32:21.005989+00
367,CAM3076,3559,-23.96644050,-46.31944547,365755.00,7348861.00,Avenida Siqueira Campos,Rua Bento de Abreu,Boqueirão,Fixa Digital HD,Em Funcionamento,1,,2025-01-08,true,true,true,2025-11-18 18:18:50.374468+00,2025-11-18 18:32:21.005989+00
368,CAM3077,3561,-23.96644953,-46.31944556,365755.00,7348860.00,Avenida Siqueira Campos,Rua Bento de Abreu,Boqueirão,Fixa Digital HD,Em Funcionamento,1,,2025-01-08,true,true,true,2025-11-18 18:18:50.662254+00,2025-11-18 18:32:21.005989+00
369,CAM3079,3556,-23.96436629,-46.32121292,365573.00,7349089.00,Rua Lobo Vianna,Rua Oswaldo Cruz,Boqueirão,Fixa Digital HD,Em Funcionamento,1,,2024-12-17,true,true,true,2025-11-18 18:18:50.904454+00,2025-11-18 18:32:21.005989+00
370,CAM3080,3557,-23.96446494,-46.32129254,365565.00,7349078.00,Rua Lobo Vianna,Rua Oswaldo Cruz,Boqueirão,Fixa Digital HD,Em Funcionamento,1,,2024-12-17,true,true,true,2025-11-18 18:18:51.169715+00,2025-11-18 18:32:21.005989+00
371,CAM3081,7537,-23.96432156,-46.32116333,365578.00,7349094.00,Rua Lobo Vianna,Rua Oswaldo Cruz,Boqueirão,Fixa Digital HD,Em Funcionamento,1,,2024-12-17,true,true,true,2025-11-18 18:18:51.413709+00,2025-11-18 18:32:21.005989+00
372,CAM3082,7508,-23.96052947,-46.33047998,364626.00,7349505.00,Rua Goiás,Rua Doutor Assis Corrêa,Gonzaga,Fixa Digital HD,Em Funcionamento,1,,2024-11-26,true,true,true,2025-11-18 18:18:51.666513+00,2025-11-18 18:32:21.005989+00
373,CAM3084,7533,-23.97058254,-46.32294702,365403.00,7348399.00,Rua Oswaldo Cruz,Avenida Doutor Epitácio Pessoa,Boqueirão,Fixa Digital HD,Em Funcionamento,1,,2024-12-17,true,true,true,2025-11-18 18:18:51.916292+00,2025-11-18 18:32:21.005989+00
374,CAM3085,7534,-23.97058245,-46.32295685,365402.00,7348399.00,Rua Oswaldo Cruz,Avenida Doutor Epitácio Pessoa,Boqueirão,Fixa Digital HD,Em Funcionamento,1,,2024-12-17,true,true,true,2025-11-18 18:18:52.209381+00,2025-11-18 18:32:21.005989+00
375,CAM3086,7535,-23.97058237,-46.32296667,365401.00,7348399.00,Rua Oswaldo Cruz,Avenida Doutor Epitácio Pessoa,Boqueirão,Fixa Digital HD,Em Funcionamento,1,,2024-12-17,true,true,true,2025-11-18 18:18:52.512852+00,2025-11-18 18:32:21.005989+00
376,CAM3088,7596,-23.94338186,-46.33236746,364416.00,7351402.00,Rua Capitão Adolfo Millon,Avenida Francisco Manoel,Vila Mathias,Fixa Digital HD,Em Funcionamento,1,,2025-01-10,true,true,true,2025-11-18 18:18:52.806599+00,2025-11-18 18:32:21.005989+00
377,CAM3089,7597,-23.94339072,-46.33238720,364414.00,7351401.00,Rua Capitão Adolfo Millon,Avenida Francisco Manoel,Vila Mathias,Fixa Digital HD,Em Funcionamento,1,,2025-01-10,true,true,true,2025-11-18 18:18:53.065316+00,2025-11-18 18:32:21.005989+00
403,CAM3091,7539,-23.94696870,-46.33633468,364016.00,7351001.00,Avenida Senador Pinheiro Machado,Avenida Bernardino de Campos,Jabaquara,Fixa Digital HD,Em Funcionamento,1,,2024-12-17,true,true,true,2025-11-18 18:18:54.242012+00,2025-11-18 18:25:25.98603+00
404,CAM3092,7540,-23.94695082,-46.33631484,364018.00,7351003.00,Avenida Senador Pinheiro Machado,Avenida Bernardino de Campos,Jabaquara,Fixa Digital HD,Em Funcionamento,1,,2024-12-17,true,true,true,2025-11-18 18:18:54.547135+00,2025-11-18 18:32:21.005989+00
405,CAM3093,7541,-23.94697782,-46.33632495,364017.00,7351000.00,Avenida Senador Pinheiro Machado,Avenida Bernardino de Campos,Jabaquara,Fixa Digital HD,Em Funcionamento,1,,2024-12-17,true,true,true,2025-11-18 18:18:54.876481+00,2025-11-18 18:32:21.005989+00
406,CAM3095,3743,-23.94810527,-46.33648395,364002.00,7350875.00,Rua Joaquim Távora,Avenida Bernardino de Campos,Vila Mathias,Fixa Digital HD,Em Funcionamento,1,,2025-01-09,true,true,true,2025-11-18 18:18:55.104609+00,2025-11-18 18:32:21.005989+00
407,CAM3096,3744,-23.94810544,-46.33646430,364004.00,7350875.00,Avenida Bernardino de Campos,Rua Joaquim Távora,Vila Mathias,Fixa Digital HD,Em Funcionamento,1,,2025-01-09,true,true,true,2025-11-18 18:18:55.365191+00,2025-11-18 18:32:21.005989+00
408,CAM3098,3740,-23.94810339,-46.33670011,363980.00,7350875.00,Rua Princesa Isabel,Rua Joaquim Távora,Vila Mathias,Fixa Digital HD,Em Funcionamento,1,,2025-01-09,true,true,true,2025-11-18 18:18:55.594164+00,2025-11-18 18:25:25.98603+00
409,CAM3100,3738,-23.95064990,-46.33671652,363981.00,7350593.00,Rua Tiradentes,Avenida Bernardino de Campos,Vila Belmiro,Fixa Digital HD,Em Funcionamento,1,,2025-01-08,true,true,true,2025-11-18 18:18:55.862882+00,2025-11-18 18:25:25.98603+00
410,CAM3102,7582,-23.95442558,-46.34386000,363258.00,7350168.00,Avenida Senador Pinheiro Machado,Rua Princesa Isabel,Marapé,Fixa Digital HD,Em Funcionamento,1,,2025-01-14,true,true,true,2025-11-18 18:18:56.108038+00,2025-11-18 18:25:25.98603+00
411,CAM3103,3689,-23.95457995,-46.34376334,363268.00,7350151.00,Avenida Senador Pinheiro Machado,Rua Carvalho de Mendonça,Marapé,Fixa Digital HD,Em Funcionamento,1,,2025-01-13,true,true,true,2025-11-18 18:18:56.33382+00,2025-11-18 18:25:25.98603+00
412,CAM3104,3690,-23.95456232,-46.34371402,363273.00,7350153.00,Avenida Senador Pinheiro Machado,Rua Carvalho de Mendonça,Marapé,Fixa Digital HD,Em Funcionamento,1,,2025-01-13,true,true,true,2025-11-18 18:18:56.622138+00,2025-11-18 18:25:25.98603+00
413,CAM3106,7572,-23.95475822,-46.34403050,363241.00,7350131.00,Avenida Senador Pinheiro Machado,Rua Carvalho de Mendonça,Marapé,Fixa Digital HD,Em Funcionamento,1,,2025-01-13,true,true,true,2025-11-18 18:18:56.876055+00,2025-11-18 18:25:25.98603+00
414,CAM3107,7573,-23.95475857,-46.34399120,363245.00,7350131.00,Avenida Senador Pinheiro Machado,Rua Carvalho de Mendonça,Marapé,Fixa Digital HD,Em Funcionamento,1,,2025-01-13,true,true,true,2025-11-18 18:18:57.228165+00,2025-11-18 18:25:25.98603+00
415,CAM3109,7607,-23.95351305,-46.34390950,363252.00,7350269.00,Rua Napoleão Laureano,Avenida Senador Pinheiro Machado,Marapé,Fixa Digital HD,Em Funcionamento,1,,2025-01-16,true,true,true,2025-11-18 18:18:57.45631+00,2025-11-18 18:25:25.98603+00
416,CAM3110,7608,-23.95351296,-46.34391933,363251.00,7350269.00,Rua Napoleão Laureano,Avenida Senador Pinheiro Machado,Marapé,Fixa Digital HD,Em Funcionamento,1,,2025-01-16,true,true,true,2025-11-18 18:18:57.699751+00,2025-11-18 18:25:25.98603+00
417,CAM3117,7675,-23.93211791,-46.33163285,364479.00,7352650.00,Rua do Comércio,Rua Gonçalves Dias,Centro,Fixa Digital HD,Em Funcionamento,1,,2025-02-04,true,true,true,2025-11-18 18:18:58.047102+00,2025-11-18 18:25:25.98603+00
418,CAM3118,7676,-23.93211782,-46.33164267,364478.00,7352650.00,Rua do Comércio,Rua Gonçalves Dias,Centro,Fixa Digital HD,Em Funcionamento,1,,2025-02-04,true,true,true,2025-11-18 18:18:58.291212+00,2025-11-18 18:25:25.98603+00
419,CAM3122,7667,-23.93066665,-46.33236464,364403.00,7352810.00,Largo Marquês de Monte Alegre,Rua Tuyuti,Centro,Fixa Digital HD,Em Funcionamento,1,,2025-01-30,true,true,true,2025-11-18 18:18:58.543658+00,2025-11-18 18:25:25.98603+00
420,CAM3131,3695,-23.95821459,-46.34430217,363217.00,7349748.00,Rua Carlos Gomes,Avenida Senador Pinheiro Machado,Campo Grande,Fixa Digital HD,Em Funcionamento,1,,2025-01-24,true,true,true,2025-11-18 18:18:58.784769+00,2025-11-18 18:25:25.98603+00
421,CAM3132,3696,-23.95822336,-46.34433175,363214.00,7349747.00,Rua Carlos Gomes,Avenida Senador Pinheiro Machado,Campo Grande,Fixa Digital HD,Em Funcionamento,1,,2025-01-24,true,true,true,2025-11-18 18:18:59.035159+00,2025-11-18 18:25:25.98603+00
422,CAM3134,7584,-23.95613403,-46.35087426,362546.00,7349972.00,Avenida Doutor Nilo Peçanha,Rua Carvalho de Mendonça,Marapé,Fixa Digital HD,Em Funcionamento,1,,2025-01-15,true,true,true,2025-11-18 18:18:59.378351+00,2025-11-18 18:25:25.98603+00
423,CAM3135,7585,-23.95614263,-46.35092348,362541.00,7349971.00,Avenida Doutor Nilo Peçanha,Rua Carvalho de Mendonça,Marapé,Fixa Digital HD,Em Funcionamento,1,,2025-01-15,true,true,true,2025-11-18 18:18:59.634419+00,2025-11-18 18:25:25.98603+00
424,CAM3137,3653,-23.93484180,-46.31525295,366149.00,7352364.00,Rua General Câmara,Rua João Octavio,Paquetá,Fixa Digital HD,Em Funcionamento,1,,2025-01-17,true,true,true,2025-11-18 18:18:59.899493+00,2025-11-18 18:25:25.98603+00
425,CAM3138,3654,-23.93486898,-46.31524340,366150.00,7352361.00,Rua General Câmara,Rua João Octavio,Paquetá,Fixa Digital HD,Em Funcionamento,1,,2025-01-17,true,true,true,2025-11-18 18:19:00.143032+00,2025-11-18 18:25:25.98603+00
426,CAM3144,7599,-23.93253757,-46.32382638,365274.00,7352611.00,Praça Antonio Telles,Rua Braz Cubas,Centro,Dome Digital HD,Em Funcionamento,1,,2025-01-23,true,true,true,2025-11-18 18:19:00.388093+00,2025-11-18 18:25:25.98603+00
428,CAM3146,7600,-23.93255546,-46.32384621,365272.00,7352609.00,Praça Antonio Telles,Rua Braz Cubas,Centro,Fixa Digital HD,Em Funcionamento,1,,2025-01-23,true,true,true,2025-11-18 18:19:00.920307+00,2025-11-18 18:25:25.98603+00
429,CAM3148,3771,-23.93243893,-46.32583947,365069.00,7352620.00,Praça da República,Rua Martim Affonso,Centro,Fixa Digital HD,Em Funcionamento,1,,2025-01-20,true,true,true,2025-11-18 18:19:01.205566+00,2025-11-18 18:25:25.98603+00
430,CAM3149,3772,-23.93251058,-46.32590898,365062.00,7352612.00,Praça da República,Rua Martim Affonso,Centro,Fixa Digital HD,Em Funcionamento,1,,2025-01-20,true,true,true,2025-11-18 18:19:01.480484+00,2025-11-18 18:25:25.98603+00
431,CAM3155,7593,-23.93193694,-46.32645331,365006.00,7352675.00,Praça Barão do Rio Branco,Avenida Antonio Prado,Centro,Fixa Digital HD,Em Funcionamento,1,,2025-01-22,true,true,true,2025-11-18 18:19:01.838255+00,2025-11-18 18:25:25.98603+00
432,CAM3156,7594,-23.93195492,-46.32646332,365005.00,7352673.00,Praça Barão do Rio Branco,Avenida Antonio Prado,Centro,Fixa Digital HD,Em Funcionamento,1,,2025-01-22,true,true,true,2025-11-18 18:19:02.125053+00,2025-11-18 18:25:25.98603+00
433,CAM3158,7672,-23.93965689,-46.32346669,365318.00,7351823.00,Rua 7 de Setembro,Rua Soter de Araujo,Vila Nova,Fixa Digital HD,Em Funcionamento,1,,2025-02-03,true,true,true,2025-11-18 18:19:02.464006+00,2025-11-18 18:25:25.98603+00
434,CAM3159,7673,-23.93965672,-46.32348633,365316.00,7351823.00,Rua 7 de Setembro,Rua Soter de Araujo,Vila Nova,Fixa Digital HD,Em Funcionamento,1,,2025-02-03,true,true,true,2025-11-18 18:19:02.739196+00,2025-11-18 18:25:25.98603+00
435,CAM3161,7684,-23.93697730,-46.32526685,365132.00,7352118.00,Avenida Senador Feijó,Avenida São Francisco,Centro,Fixa Digital HD,Em Funcionamento,1,,2025-02-07,true,true,true,2025-11-18 18:19:03.076934+00,2025-11-18 18:25:25.98603+00
436,CAM3162,7685,-23.93699528,-46.32527686,365131.00,7352116.00,Avenida São Francisco,Avenida Senador Feijó,Centro,Fixa Digital HD,Em Funcionamento,1,,2025-02-07,true,true,true,2025-11-18 18:19:03.321644+00,2025-11-18 18:25:25.98603+00
437,CAM3163,7686,-23.93699536,-46.32526703,365132.00,7352116.00,Avenida Senador Feijó,Avenida São Francisco,Centro,Fixa Digital HD,Em Funcionamento,1,,2025-02-07,true,true,true,2025-11-18 18:19:03.581011+00,2025-11-18 18:25:25.98603+00
438,CAM3164,7687,-23.93700456,-46.32524748,365134.00,7352115.00,Avenida Senador Feijó,Avenida São Francisco,Centro,Fixa Digital HD,Em Funcionamento,1,,2025-02-07,true,true,true,2025-11-18 18:19:03.882712+00,2025-11-18 18:25:25.98603+00
439,CAM3166,7643,-23.93721195,-46.32423759,365237.00,7352093.00,Avenida São Francisco,Rua Braz Cubas,Centro,Fixa Digital HD,Em Funcionamento,1,,2025-01-27,true,true,true,2025-11-18 18:19:04.177806+00,2025-11-18 18:25:25.98603+00
440,CAM3167,7644,-23.93723912,-46.32422805,365238.00,7352090.00,Avenida São Francisco,Rua Braz Cubas,Centro,Fixa Digital HD,Em Funcionamento,1,,2025-01-27,true,true,true,2025-11-18 18:19:04.445717+00,2025-11-18 18:25:25.98603+00
441,CAM3169,7828,-23.94278948,-46.32463842,365202.00,7351475.00,Rua Conselheiro Saraiva,Rua Braz Cubas,Vila Nova,Fixa Digital HD,Em Funcionamento,1,,2025-04-28,true,true,true,2025-11-18 18:19:04.691396+00,2025-11-18 18:25:25.98603+00
442,CAM3170,3512,-23.94459707,-46.32132593,365541.00,7351278.00,Rua Julio de Mesquita,Avenida Conselheiro Nébias,Vila Mathias,Fixa Digital HD,Em Funcionamento,1,,2025-03-13,true,true,true,2025-11-18 18:19:05.00157+00,2025-11-18 18:25:25.98603+00
444,CAM3172,7746,-23.94766839,-46.32332242,365341.00,7350936.00,Rua da Constituição,Rua Joaquim Nabuco,Vila Mathias,Fixa Digital HD,Em Funcionamento,1,,2025-02-14,true,true,true,2025-11-18 18:19:05.590202+00,2025-11-18 18:25:25.98603+00
445,CAM3174,3524,-23.95433377,-46.32219160,365463.00,7350199.00,Avenida Conselheiro Nébias,Rua Luiz Gama,Encruzilhada,Fixa Digital HD,Em Funcionamento,1,,2025-02-12,true,true,true,2025-11-18 18:19:05.93292+00,2025-11-18 18:25:25.98603+00
446,CAM3175,3525,-23.95435208,-46.32216230,365466.00,7350197.00,Avenida Conselheiro Nébias,Rua Luiz Gama,Encruzilhada,Fixa Digital HD,Em Funcionamento,1,,2025-02-12,true,true,true,2025-11-18 18:19:06.239769+00,2025-11-18 18:25:25.98603+00
447,CAM3177,7733,-23.95137407,-46.32191576,365488.00,7350527.00,Avenida Conselheiro Nébias,Rua João Guerra,Encruzilhada,Fixa Digital HD,Em Funcionamento,1,,2024-02-12,true,true,true,2025-11-18 18:19:06.500262+00,2025-11-18 18:25:25.98603+00
448,CAM3178,7734,-23.95138284,-46.32194533,365485.00,7350526.00,Avenida Conselheiro Nébias,Rua João Guerra,Encruzilhada,Fixa Digital HD,Em Funcionamento,1,,2024-02-12,true,true,true,2025-11-18 18:19:06.791491+00,2025-11-18 18:25:25.98603+00
449,CAM3179,7735,-23.95137356,-46.32197471,365482.00,7350527.00,Avenida Conselheiro Nébias,Rua João Guerra,Encruzilhada,Fixa Digital HD,Em Funcionamento,1,,2024-02-12,true,true,true,2025-11-18 18:19:07.066604+00,2025-11-18 18:25:25.98603+00
450,CAM3180,7736,-23.95137364,-46.32196489,365483.00,7350527.00,Avenida Conselheiro Nébias,Rua João Guerra,Encruzilhada,Fixa Digital HD,Em Funcionamento,1,,2024-02-12,true,true,true,2025-11-18 18:19:07.345586+00,2025-11-18 18:25:25.98603+00
451,CAM3183,7744,-23.93659863,-46.32728697,364926.00,7352158.00,Avenida São Francisco,Rua Itororó,Centro,Fixa Digital HD,Em Funcionamento,1,,2025-02-13,true,true,true,2025-11-18 18:19:07.690723+00,2025-11-18 18:25:25.98603+00
452,CAM3184,7745,-23.93660749,-46.32730671,364924.00,7352157.00,Avenida São Francisco,Rua Itororó,Centro,Fixa Digital HD,Em Funcionamento,1,,2024-02-13,true,true,true,2025-11-18 18:19:08.05599+00,2025-11-18 18:25:25.98603+00
453,CAM3192,3511,-23.94459732,-46.32129645,365544.00,7351278.00,Rua Julio de Mesquita,Avenida Conselheiro Nébias,Vila Mathias,Fixa Digital HD,Em Funcionamento,1,,2025-03-13,true,true,true,2025-11-18 18:19:08.331958+00,2025-11-18 18:25:25.98603+00
454,CAM3203,7771,-23.93289299,-46.32868351,364780.00,7352567.00,Praça Visconde de Mauá,Rua Riachuelo,Centro,Fixa Digital HD,Em Funcionamento,1,,2025-02-25,true,true,true,2025-11-18 18:19:08.577981+00,2025-11-18 18:25:25.98603+00
455,CAM3204,7772,-23.93288379,-46.32870306,364778.00,7352568.00,Praça Visconde de Mauá,Rua Riachuelo,Centro,Fixa Digital HD,Em Funcionamento,1,,2025-02-25,true,true,true,2025-11-18 18:19:08.811119+00,2025-11-18 18:25:25.98603+00
456,CAM3205,7773,-23.93287459,-46.32872262,364776.00,7352569.00,Praça Visconde de Mauá,Rua Riachuelo,Centro,Fixa Digital HD,Em Funcionamento,1,,2025-02-25,true,true,true,2025-11-18 18:19:09.069551+00,2025-11-18 18:25:25.98603+00
457,CAM3206,7756,-23.93286265,-46.32801510,364848.00,7352571.00,Rua Cidade de Toledo,Praça Visconde de Mauá,Centro,Fixa Digital HD,Em Funcionamento,1,,2025-02-24,true,true,true,2025-11-18 18:19:09.413373+00,2025-11-18 18:25:25.98603+00
458,CAM3207,7757,-23.93295354,-46.32794726,364855.00,7352561.00,Rua Cidade de Toledo,Praça Visconde de Mauá,Centro,Fixa Digital HD,Em Funcionamento,1,,2025-02-24,true,true,true,2025-11-18 18:19:09.727469+00,2025-11-18 18:25:25.98603+00
459,CAM3208,7758,-23.93298072,-46.32793771,364856.00,7352558.00,Praça Visconde de Mauá,Rua Cidade de Toledo,Centro,Fixa Digital HD,Em Funcionamento,1,,2025-03-24,true,true,true,2025-11-18 18:19:10.032812+00,2025-11-18 18:25:25.98603+00
460,CAM3210,7759,-23.93287728,-46.32736681,364914.00,7352570.00,Rua Cidade de Toledo,Rua Augusto Severo,Centro,Fixa Digital HD,Em Funcionamento,1,,2025-02-24,true,true,true,2025-11-18 18:19:10.315303+00,2025-11-18 18:32:28.105708+00
461,CAM3211,7768,-23.93334066,-46.32913021,364735.00,7352517.00,Rua Cidade de Toledo,Rua Augusto Severo,Centro,Fixa Digital HD,Em Funcionamento,1,,2025-02-24,true,true,true,2025-11-18 18:19:10.591115+00,2025-11-18 18:32:28.105708+00
462,CAM3212,7760,-23.93298547,-46.32738757,364912.00,7352558.00,Rua Augusto Severo,Rua Cidade de Toledo,Centro,Fixa Digital HD,Em Funcionamento,1,,2025-02-24,true,true,true,2025-11-18 18:19:10.861324+00,2025-11-18 18:32:28.105708+00
463,CAM3213,7761,-23.93310235,-46.32744771,364906.00,7352545.00,Rua Cidade de Toledo,Rua Augusto Severo,Centro,Fixa Digital HD,Em Funcionamento,1,,2025-02-24,true,true,true,2025-11-18 18:19:11.104348+00,2025-11-18 18:32:28.105708+00
464,CAM3215,7775,-23.93347266,-46.32744167,364907.00,7352504.00,Rua General Câmara,Rua Augusto Severo,Centro,Fixa Digital HD,Em Funcionamento,1,,2025-02-25,true,true,true,2025-11-18 18:19:11.465213+00,2025-11-18 18:32:28.105708+00
465,CAM3216,7776,-23.93349967,-46.32745178,364906.00,7352501.00,Rua General Câmara,Rua Augusto Severo,Centro,Fixa Digital HD,Em Funcionamento,1,,2025-02-25,true,true,true,2025-11-18 18:19:11.751837+00,2025-11-18 18:32:28.105708+00
466,CAM3218,7778,-23.93218689,-46.32992403,364653.00,7352644.00,Rua Frei Gaspar,Rua 15 de Novembro,Centro,Fixa Digital HD,Em Funcionamento,1,,2025-02-28,true,true,true,2025-11-18 18:19:12.057424+00,2025-11-18 18:32:28.105708+00
467,CAM3219,7779,-23.93219592,-46.32992413,364653.00,7352643.00,Rua Frei Gaspar,Rua 15 de Novembro,Centro,Fixa Digital HD,Em Funcionamento,1,,2025-02-28,true,true,true,2025-11-18 18:19:12.319205+00,2025-11-18 18:32:28.105708+00
468,CAM3220,7780,-23.93219592,-46.32992413,364653.00,7352643.00,Rua Frei Gaspar,Rua 15 de Novembro,Centro,Fixa Digital HD,Em Funcionamento,1,,2025-02-28,true,true,true,2025-11-18 18:19:12.568674+00,2025-11-18 18:32:28.105708+00
469,CAM3222,3518,-23.94989426,-46.32177294,365501.00,7350691.00,Avenida Conselheiro Nébias,Rua Xavier Pinheiro,Vila Mathias,Fixa Digital HD,Em Funcionamento,1,,2025-03-19,true,true,true,2025-11-18 18:19:12.817859+00,2025-11-18 18:32:28.105708+00
470,CAM3223,3519,-23.94988481,-46.32182197,365496.00,7350692.00,Avenida Conselheiro Nébias,Rua Xavier Pinheiro,Vila Mathias,Fixa Digital HD,Em Funcionamento,1,,2025-03-19,true,true,true,2025-11-18 18:19:13.062539+00,2025-11-18 18:32:28.105708+00
471,CAM3225,3515,-23.94969970,-46.32339227,365336.00,7350711.00,Rua Xavier Pinheiro,Rua da Constituição,Vila Mathias,Fixa Digital HD,Em Funcionamento,1,,2025-03-19,true,true,true,2025-11-18 18:19:13.308949+00,2025-11-18 18:32:28.105708+00
472,CAM3226,3516,-23.94970873,-46.32339237,365336.00,7350710.00,Rua Xavier Pinheiro,Rua da Constituição,Vila Mathias,Fixa Digital HD,Em Funcionamento,1,,2025-03-19,true,true,true,2025-11-18 18:19:13.566477+00,2025-11-18 18:32:28.105708+00
473,CAM3228,3584,-23.96414203,-46.31156023,366555.00,7349123.00,Avenida Affonso Penna,Rua Santos Dumont,Embaré,Fixa Digital HD,Em Funcionamento,1,,2025-03-26,true,true,true,2025-11-18 18:19:13.810397+00,2025-11-18 18:32:28.105708+00
474,CAM3229,3585,-23.96399104,-46.31126388,366585.00,7349140.00,Avenida Affonso Penna,Rua Santos Dumont,Macuco,Fixa Digital HD,Em Funcionamento,1,,2025-03-26,true,true,true,2025-11-18 18:19:14.042536+00,2025-11-18 18:32:28.105708+00
475,CAM3233,7806,-23.96494048,-46.31006472,366708.00,7349036.00,Avenida Affonso Penna,Praça Coronel Fernando Prestes,Embaré,Fixa Digital HD,Em Funcionamento,1,,2025-03-24,true,true,true,2025-11-18 18:19:14.332096+00,2025-11-18 18:32:28.105708+00
476,CAM3235,3597,-23.97002305,-46.30284355,367448.00,7348480.00,Avenida Affonso Penna,Rua Senador Lacerda Franco,Aparecida,Fixa Digital HD,Em Funcionamento,1,,2025-03-27,true,true,true,2025-11-18 18:19:14.647124+00,2025-11-18 18:32:28.105708+00
477,CAM3236,3598,-23.97015114,-46.30264828,367468.00,7348466.00,Avenida Affonso Penna,Rua Senador Lacerda Franco,Aparecida,Fixa Digital HD,Em Funcionamento,1,,2025-03-27,true,true,true,2025-11-18 18:19:14.945673+00,2025-11-18 18:32:28.105708+00
478,CAM3238,3539,-23.96056099,-46.31634906,366064.00,7349515.00,Avenida Affonso Penna,Praça Palmares,Macuco,Fixa Digital HD,Em Funcionamento,1,,2025-03-27,true,true,true,2025-11-18 18:19:15.231891+00,2025-11-18 18:32:28.105708+00
479,CAM3239,3540,-23.96042462,-46.31645578,366053.00,7349530.00,Avenida Affonso Penna,Praça Palmares,Macuco,Fixa Digital HD,Em Funcionamento,1,,2025-03-27,true,true,true,2025-11-18 18:19:15.551954+00,2025-11-18 18:32:28.105708+00
480,CAM3240,3541,-23.96077603,-46.31654779,366044.00,7349491.00,Avenida Affonso Penna,Praça Palmares,Boqueirão,Fixa Digital HD,Em Funcionamento,1,,2025-03-28,true,true,true,2025-11-18 18:19:15.864461+00,2025-11-18 18:32:28.105708+00
481,CAM3242,7810,-23.96069771,-46.31620305,366079.00,7349500.00,Avenida Affonso Penna,Praça Palmares,Macuco,Fixa Digital HD,Em Funcionamento,1,,2025-03-28,true,true,true,2025-11-18 18:19:16.154342+00,2025-11-18 18:32:28.105708+00
482,CAM3244,3542,-23.96068438,-46.31670409,366028.00,7349501.00,Avenida Affonso Penna,Praça Palmares,Boqueirão,Fixa Digital HD,Em Funcionamento,1,,2025-03-28,true,true,true,2025-11-18 18:19:16.459285+00,2025-11-18 18:32:28.105708+00
483,CAM3246,7811,-23.94531511,-46.33333059,364320.00,7351187.00,Avenida Engenheiro Luiz La Scala Júnior,Avenida Senador Pinheiro Machado,Vila Mathias,Fixa Digital HD,Em Funcionamento,1,,2025-04-03,true,true,true,2025-11-18 18:19:16.716925+00,2025-11-18 18:32:28.105708+00
484,CAM3247,3747,-23.94530616,-46.33332068,364321.00,7351188.00,Avenida Engenheiro Luiz La Scala Júnior,Avenida Senador Pinheiro Machado,Vila Mathias,Fixa Digital HD,Em Funcionamento,1,,2025-04-03,true,true,true,2025-11-18 18:19:16.995166+00,2025-11-18 18:32:28.105708+00
485,CAM3248,3748,-23.94529739,-46.33329111,364324.00,7351189.00,Avenida Engenheiro Luiz La Scala Júnior,Avenida Senador Pinheiro Machado,Vila Mathias,Fixa Digital HD,Em Funcionamento,1,,2025-04-03,true,true,true,2025-11-18 18:19:17.243759+00,2025-11-18 18:32:28.105708+00
486,CAM3249,7812,-23.94533317,-46.33333078,364320.00,7351185.00,Avenida Engenheiro Luiz La Scala Júnior,Avenida Senador Pinheiro Machado,Vila Mathias,Fixa Digital HD,Em Funcionamento,1,,2025-04-03,true,true,true,2025-11-18 18:19:17.48494+00,2025-11-18 18:32:28.105708+00
487,CAM3251,7814,-23.93166467,-46.32870041,364777.00,7352703.00,Rua Tuyuti,Rua Riachuelo,Centro,Fixa Digital HD,Em Funcionamento,1,,2025-04-09,true,true,true,2025-11-18 18:19:17.743586+00,2025-11-18 18:32:28.105708+00
488,CAM3252,7815,-23.93166475,-46.32869058,364778.00,7352703.00,Rua Tuyuti,Rua Riachuelo,Centro,Fixa Digital HD,Em Funcionamento,1,,2025-04-09,true,true,true,2025-11-18 18:19:17.99796+00,2025-11-18 18:32:28.105708+00
489,CAM3253,7816,-23.93165572,-46.32869049,364778.00,7352704.00,Rua Tuyuti,Rua Riachuelo,Centro,Fixa Digital HD,Em Funcionamento,1,,2025-04-09,true,true,true,2025-11-18 18:19:18.23943+00,2025-11-18 18:32:28.105708+00
490,CAM3254,7817,-23.93165564,-46.32870032,364777.00,7352704.00,Rua Tuyuti,Rua Riachuelo,Centro,Fixa Digital HD,Em Funcionamento,1,,2025-04-09,true,true,true,2025-11-18 18:19:18.511549+00,2025-11-18 18:32:28.105708+00
491,CAM3261,3567,-23.96467494,-46.31682325,366020.00,7349059.00,Avenida Doutor Pedro Lessa,Rua Major Santos Silva,Embaré,Fixa Digital HD,Em Funcionamento,1,,2025-04-09,true,true,true,2025-11-18 18:19:18.81847+00,2025-11-18 18:32:28.105708+00
492,CAM3262,3568,-23.96481114,-46.31673619,366029.00,7349044.00,Avenida Doutor Pedro Lessa,Rua Major Santos Silva,Embaré,Fixa Digital HD,Em Funcionamento,1,,2025-04-09,true,true,true,2025-11-18 18:19:19.128553+00,2025-11-18 18:32:28.105708+00
493,CAM3264,3595,-23.96787979,-46.30531821,367194.00,7348715.00,Avenida Almirante Cochrane,Praça Visconde de Itaborahy,Macuco,Fixa Digital HD,Em Funcionamento,1,,2025-04-11,true,true,true,2025-11-18 18:19:19.449266+00,2025-11-18 18:32:28.105708+00
494,CAM3265,7820,-23.96788916,-46.30527900,367198.00,7348714.00,Avenida Almirante Cochrane,Praça Visconde de Itaborahy,Centro,Fixa Digital HD,Em Funcionamento,1,,2025-04-11,true,true,true,2025-11-18 18:19:19.69806+00,2025-11-18 18:32:28.105708+00
495,CAM3266,7821,-23.96789802,-46.30529874,367196.00,7348713.00,Avenida Almirante Cochrane,Praça Visconde de Itaborahy,Macuco,Fixa Digital HD,Em Funcionamento,1,,2025-04-11,true,true,true,2025-11-18 18:19:19.945455+00,2025-11-18 18:32:28.105708+00
496,CAM3268,3592,-23.96819266,-46.30569482,367156.00,7348680.00,Avenida Almirante Cochrane,Praça Visconde de Itaborahy,Embaré,Fixa Digital HD,Em Funcionamento,1,,2025-04-11,true,true,true,2025-11-18 18:19:20.240676+00,2025-11-18 18:32:28.105708+00
497,CAM3269,3593,-23.96820161,-46.30570473,367155.00,7348679.00,Avenida Almirante Cochrane,Praça Visconde de Itaborahy,Aparecida,Fixa Digital HD,Em Funcionamento,1,,2025-04-11,true,true,true,2025-11-18 18:19:20.557304+00,2025-11-18 18:32:28.105708+00
498,CAM3270,3594,-23.96819258,-46.30570464,367155.00,7348680.00,Avenida Almirante Cochrane,Praça Visconde de Itaborahy,Estuário,Fixa Digital HD,Em Funcionamento,1,,2025-04-11,true,true,true,2025-11-18 18:19:20.801519+00,2025-11-18 18:32:28.105708+00
499,CAM3272,3650,-23.97668584,-46.29987361,367757.00,7347745.00,Avenida Doutor Pedro Lessa,Avenida Coronel Joaquim Montenegro,Ponta Da Praia,Fixa Digital HD,Em Funcionamento,1,,2025-04-15,true,true,true,2025-11-18 18:19:21.09361+00,2025-11-18 18:32:28.105708+00
500,CAM3273,3651,-23.97664988,-46.29985360,367759.00,7347749.00,Avenida Doutor Pedro Lessa,Avenida Coronel Joaquim Montenegro,Ponta Da Praia,Fixa Digital HD,Em Funcionamento,1,,2025-04-15,true,true,true,2025-11-18 18:19:21.376538+00,2025-11-18 18:32:28.105708+00
501,CAM3274,3652,-23.97664085,-46.29985351,367759.00,7347750.00,Avenida Doutor Pedro Lessa,Avenida Coronel Joaquim Montenegro,Ponta Da Praia,Fixa Digital HD,Em Funcionamento,1,,2025-04-15,true,true,true,2025-11-18 18:19:21.703104+00,2025-11-18 18:32:28.105708+00
502,CAM3276,7824,-23.97652180,-46.30004888,367739.00,7347763.00,Avenida Doutor Pedro Lessa,Avenida Coronel Joaquim Montenegro,Aparecida,Fixa Digital HD,Em Funcionamento,1,,2025-04-15,true,true,true,2025-11-18 18:19:21.988461+00,2025-11-18 18:32:28.105708+00
503,CAM3277,7825,-23.97652163,-46.30006853,367737.00,7347763.00,Avenida Doutor Pedro Lessa,Avenida Coronel Joaquim Montenegro,Aparecida,Fixa Digital HD,Em Funcionamento,1,,2025-04-15,true,true,true,2025-11-18 18:19:22.789029+00,2025-11-18 18:25:25.98603+00
504,CAM3278,7826,-23.97650349,-46.30007818,367736.00,7347765.00,Avenida Doutor Pedro Lessa,Avenida Coronel Joaquim Montenegro,Aparecida,Fixa Digital HD,Em Funcionamento,1,,2025-04-15,true,true,true,2025-11-18 18:19:22.789029+00,2025-11-18 18:32:28.105708+00
505,CAM3280,7835,-23.98005235,-46.30010397,367737.00,7347372.00,Praça Engenheiro José Rebouças,Rua André Vidal de Negreiros,Ponta Da Praia,Fixa Digital HD,Em Funcionamento,1,,2025-04-28,true,true,true,2025-11-18 18:19:22.789029+00,2025-11-18 18:32:28.105708+00
506,CAM3281,7836,-23.98005269,-46.30006466,367741.00,7347372.00,Praça Engenheiro José Rebouças,Rua André Vidal de Negreiros,Ponta Da Praia,Fixa Digital HD,Em Funcionamento,1,,2025-04-28,true,true,true,2025-11-18 18:19:22.789029+00,2025-11-18 18:32:28.105708+00
507,CAM3282,7837,-23.98005244,-46.30009414,367738.00,7347372.00,Praça Engenheiro José Rebouças,Rua André Vidal de Negreiros,Ponta Da Praia,Fixa Digital HD,Em Funcionamento,1,,2025-04-28,true,true,true,2025-11-18 18:19:22.789029+00,2025-11-18 18:32:28.105708+00
508,CAM3284,7831,-23.98167850,-46.30003184,367746.00,7347192.00,Avenida Dino Bueno,Praça Engenheiro José Rebouças,Vila Nova,Fixa Digital HD,Em Funcionamento,1,,2025-04-25,true,true,true,2025-11-18 18:19:22.789029+00,2025-11-18 18:32:28.105708+00
509,CAM3285,7832,-23.98167875,-46.30000235,367749.00,7347192.00,Avenida Dino Bueno,Praça Engenheiro José Rebouças,Vila Nova,Fixa Digital HD,Em Funcionamento,1,,2025-04-25,true,true,true,2025-11-18 18:19:22.789029+00,2025-11-18 18:32:28.105708+00
510,CAM3286,7833,-23.98168803,-46.29997296,367752.00,7347191.00,Avenida Dino Bueno,Praça Engenheiro José Rebouças,Vila Nova,Fixa Digital HD,Em Funcionamento,1,,2025-04-25,true,true,true,2025-11-18 18:19:22.789029+00,2025-11-18 18:32:28.105708+00
511,CAM3288,3667,-23.98171812,-46.29961943,367788.00,7347188.00,Avenida General San Martin,Praça Engenheiro José Rebouças,Ponta Da Praia,Fixa Digital HD,Em Funcionamento,1,,2025-04-29,true,true,true,2025-11-18 18:19:22.789029+00,2025-11-18 18:32:34.840427+00
512,CAM3289,7839,-23.98171845,-46.29958012,367792.00,7347188.00,Praça Engenheiro José Rebouças,Avenida General San Martin,Ponta Da Praia,Fixa Digital HD,Em Funcionamento,1,,2025-04-29,true,true,true,2025-11-18 18:19:22.789029+00,2025-11-18 18:32:34.840427+00
513,CAM3291,3660,-23.98007974,-46.29900345,367849.00,7347370.00,Rua Vereador Henrique Soler,Praça Engenheiro José Rebouças,Ponta Da Praia,Fixa Digital HD,Em Funcionamento,1,,2025-04-29,true,true,true,2025-11-18 18:19:22.789029+00,2025-11-18 18:32:34.840427+00
514,CAM3292,7840,-23.98007949,-46.29903293,367846.00,7347370.00,Rua Vereador Henrique Soler,Praça Engenheiro José Rebouças,Ponta Da Praia,Fixa Digital HD,Em Funcionamento,1,,2025-04-29,true,true,true,2025-11-18 18:19:22.789029+00,2025-11-18 18:32:34.840427+00
515,CAM3293,7841,-23.98009755,-46.29903311,367846.00,7347368.00,Rua Vereador Henrique Soler,Praça Engenheiro José Rebouças,Ponta Da Praia,Fixa Digital HD,Em Funcionamento,1,,2025-04-29,true,true,true,2025-11-18 18:19:22.789029+00,2025-11-18 18:32:34.840427+00
516,CAM3303,3669,-23.98860590,-46.29993430,367763.00,7346425.00,Praça Amigos da Marinha,Avenida dos Bancários,Ponta Da Praia,Fixa Digital HD,Em Funcionamento,1,,2025-05-06,true,true,true,2025-11-18 18:19:22.789029+00,2025-11-18 18:32:34.840427+00
517,CAM3304,3638,-23.97932519,-46.30491263,367247.00,7347448.00,Rua Ricardo Pinto,Rua Piratininga,Aparecida,Dome Digital HD,Em Funcionamento,1,,2025-05-07,true,true,true,2025-11-18 18:19:22.789029+00,2025-11-18 18:32:34.840427+00
518,CAM3314,3644,-23.98230397,-46.30719342,367018.00,7347116.00,Avenida Doutor Epitácio Pessoa,Avenida Coronel Joaquim Montenegro,Ponta Da Praia,Fixa Digital HD,Em Funcionamento,1,,2025-07-14,true,true,true,2025-11-18 18:19:22.789029+00,2025-11-18 18:32:34.840427+00
519,CAM3315,3646,-23.98232203,-46.30719360,367018.00,7347114.00,Avenida Doutor Epitácio Pessoa,Avenida Coronel Joaquim Montenegro,Ponta Da Praia,Fixa Digital HD,Em Funcionamento,1,,2025-07-14,true,true,true,2025-11-18 18:19:22.789029+00,2025-11-18 18:32:34.840427+00
520,CAM3325,3610,-23.97357269,-46.31547878,366166.00,7348075.00,Rua Conselheiro Lafayette,Rua Oswaldo Cochrane,Embaré,Fixa Digital HD,Em Funcionamento,1,,2025-07-03,true,true,true,2025-11-18 18:19:22.789029+00,2025-11-18 18:32:34.840427+00
521,CAM3327,3611,-23.97356366,-46.31547869,366166.00,7348076.00,Rua Conselheiro Lafayette,Rua Oswaldo Cochrane,Embaré,Fixa Digital HD,Em Funcionamento,1,,2025-07-03,true,true,true,2025-11-18 18:19:22.789029+00,2025-11-18 18:32:34.840427+00
522,CAM3346,3616,-23.94234307,-46.37138388,360444.00,7351479.00,Praça Professor Domingos Aulicino,Avenida Jovino de Mello,Santa Maria,Fixa Digital HD,Em Funcionamento,1,,2025-10-03,true,true,true,2025-11-18 18:19:22.789029+00,2025-11-18 18:32:34.840427+00